Workbook

Sheet Petunjuk
A1: PETUNJUK PENGGUNAAN FILE LATIHAN AKUNTANSI
A3: Bagian | B3: Keterangan | C3: Status
A4: Soal_dan_Jurnal | B4: Berisi 50 soal baru dan area latihan jurnal. Isi kolom Akun, Debit, dan Kredit di area kanan. | C4: Siap dipakai
A5: 1. Kerjakan Soal_dan_Jurnal pada area latihan jurnal umum. | B5: Berisi kunci jurnal umum untuk 50 soal. Total debit dan kredit sudah seimbang. | C5: Terkunci konsep
A6: 2. Sheet Kunci_Jurnal adalah kunci jawaban jurnal umum dan sumber Neraca Saldo sebelum penyesuaian. | B6: Daftar akun lengkap 64 akun sesuai permintaan Anda. Nama akun diseragamkan agar rumus SUMIF tidak salah baca. | C6: Acuan utama
A7: 3. Kerjakan Jurnal_Penyesuaian pada area latihan penyesuaian akhir periode. | B7: Sheet kosong opsional. Soal nomor 34-39 sudah bertipe penyesuaian; jika ada penyesuaian tambahan, input di sini. | C7: Opsional
A8: 4. Sheet Kunci_Penyesuaian adalah kunci jawaban dan sumber perhitungan setelah penyesuaian. | B8: Merangkum mutasi debit dan kredit dari Kunci_Jurnal dan Jurnal_Penyesuaian. | C8: Otomatis
A9: 5. Buku_Besar, Neraca_Saldo, NS_Setelah_Penyesuaian, Laporan_Keuangan, Jurnal_Penutup, dan NS_Setelah_Penutupan sudah disesuaikan dengan kunci jurnal umum + kunci penyesuaian. | B9: Mengambil saldo dari Kunci_Jurnal sebelum penyesuaian tambahan. | C9: Otomatis
A10: 6. Jangan mengubah nama akun di COA agar rumus SUMIF tetap terbaca. | B10: Mengambil saldo dari Kunci_Jurnal + Jurnal_Penyesuaian. | C10: Otomatis
A11: Laporan_Keuangan | B11: Menghitung laba rugi dan neraca dari Neraca Saldo Setelah Penyesuaian. | C11: Otomatis
A12: Jurnal_Penutup | B12: Menutup pendapatan, beban, dan prive secara otomatis. | C12: Otomatis
A13: NS_Setelah_Penutupan | B13: Mengecek saldo setelah jurnal penutup. Pendapatan, beban, dan prive harus menjadi nol. | C13: Otomatis
A14: Catatan penting | B14: Jangan mengubah nama akun secara manual. Jika ingin tambah akun, tambahkan juga di COA dan sesuaikan rumus range. | C14: Penting

Sheet COA
A1: CHART OF ACCOUNTS - 64 AKUN
A3: Kode Akun | B3: Nama Akun | C3: Kategori | D3: Saldo Normal | E3: Kelompok Laporan | F3: Catatan
A4: 1-001 | B4: Kas | C4: Aset | D4: Debit | E4: Neraca - Aset | F4: Dipakai dalam kunci jurnal | H4: 50 Transaksi
A5: 1-002 | B5: Bank | C5: Aset | D5: Debit | E5: Neraca - Aset | F5: Dipakai dalam kunci jurnal | H5: ↓
A6: 1-003 | B6: Piutang Usaha | C6: Aset | D6: Debit | E6: Neraca - Aset | F6: Dipakai dalam kunci jurnal | H6: Jurnal Umum
A7: 1-004 | B7: Piutang Karyawan | C7: Aset | D7: Debit | E7: Neraca - Aset | F7: Dipakai dalam kunci jurnal | H7: (Catat)
A8: 1-005 | B8: Piutang Lain-lain | C8: Aset | D8: Debit | E8: Neraca - Aset | F8: Dipakai dalam kunci jurnal | H8: ↓
A9: 1-006 | B9: Persediaan | C9: Aset | D9: Debit | E9: Neraca - Aset | F9: Dipakai dalam kunci jurnal | H9: Buku Besar
A10: 1-007 | B10: Perlengkapan | C10: Aset | D10: Debit | E10: Neraca - Aset | F10: Dipakai dalam kunci jurnal | H10: (Kelompokkan)
A11: 1-008 | B11: Sewa Dibayar di Muka | C11: Aset | D11: Debit | E11: Neraca - Aset | F11: Dipakai dalam kunci jurnal | H11: ↓
A12: 1-009 | B12: Asuransi Dibayar di Muka | C12: Aset | D12: Debit | E12: Neraca - Aset | F12: Dipakai dalam kunci jurnal | H12: Neraca Saldo
A13: 1-010 | B13: Iklan Dibayar di Muka | C13: Aset | D13: Debit | E13: Neraca - Aset | F13: Dipakai dalam kunci jurnal | H13: (Cek saldo)
A14: 1-011 | B14: Uang Muka Pembelian | C14: Aset | D14: Debit | E14: Neraca - Aset | F14: Dipakai dalam kunci jurnal | H14: ↓
A15: 1-012 | B15: Peralatan | C15: Aset | D15: Debit | E15: Neraca - Aset | F15: Dipakai dalam kunci jurnal | H15: Penyesuaian
... A28: 2-006 | B28: Utang BPJS | C28: Liabilitas | D28: Kredit | E28: Neraca - Liabilitas | F28: Dipakai dalam kunci jurnal | H28: (Siap periode baru)
A29: 2-007 | B29: Utang Sewa | C29: Liabilitas | D29: Kredit | E29: Neraca - Liabilitas | F29: Dipakai dalam kunci jurnal
A30: 2-008 | B30: Utang Bunga | C30: Liabilitas | D30: Kredit | E30: Neraca - Liabilitas | F30: Dipakai dalam kunci jurnal
A31: 2-009 | B31: Utang Bank | C31: Liabilitas | D31: Kredit | E31: Neraca - Liabilitas | F31: Dipakai dalam kunci jurnal
A32: 2-010 | B32: Utang Jangka Pendek | C32: Liabilitas | D32: Kredit | E32: Neraca - Liabilitas | F32: Dipakai dalam kunci jurnal
A33: 2-011 | B33: Utang Jangka Panjang | C33: Liabilitas | D33: Kredit | E33: Neraca - Liabilitas | F33: Dipakai dalam kunci jurnal
A34: 2-012 | B34: Pendapatan Diterima di Muka | C34: Liabilitas | D34: Kredit | E34: Neraca - Liabilitas | F34: Dipakai dalam kunci jurnal
A35: 3-001 | B35: Modal | C35: Ekuitas | D35: Kredit | E35: Neraca - Ekuitas | F35: Dipakai dalam kunci jurnal
A36: 3-002 | B36: Modal Saham | C36: Ekuitas | D36: Kredit | E36: Neraca - Ekuitas | F36: Dipakai dalam kunci jurnal
A37: 3-003 | B37: Tambahan Modal Disetor | C37: Ekuitas | D37: Kredit | E37: Neraca - Ekuitas | F37: Dipakai dalam kunci jurnal
A38: 3-004 | B38: Laba Ditahan | C38: Ekuitas | D38: Kredit | E38: Neraca - Ekuitas | F38: Dipakai dalam kunci jurnal
A39: 3-005 | B39: Prive | C39: Prive / Kontra Ekuitas | D39: Debit | E39: Neraca - Ekuitas | F39: Dipakai dalam kunci jurnal
A40: 3-006 | B40: Saldo Laba | C40: Ekuitas | D40: Kredit | E40: Neraca - Ekuitas | F40: Dipakai dalam kunci jurnal
... A67: 5-020 | B67: Beban Lain-lain | C67: Beban | D67: Debit | E67: Laba Rugi - Beban | F67: Dipakai dalam kunci jurnal

Sheet Soal_dan_Jurnal
A1: LATIHAN 50 SOAL AKUNTANSI PEMULA, JURNAL UMUM BERFUNGSI TEMPAT MENCATAT TRANSAKSI PERTAMA KALI. | I1: JURNAL UMUM - AREA LATIHAN
A2: Bagian kiri berisi 50 soal. Bagian kanan disediakan untuk Anda isi sendiri. | I2: Isi kolom Akun, Debit, dan Kredit. Kolom Cek membandingkan jawaban dengan Kunci_Jurnal.
A3: No | B3: Tanggal | C3: Jenis Transaksi | D3: Soal | E3: Tambahan | F3: Nominal (Rp) | G3: Petunjuk | I3: No | J3: Tanggal | K3: Akun | L3: Debit (Rp) | M3: Kredit (Rp) | N3: Cek
A4: 1 | B4: 46600 | C4: Setoran modal tunai | D4: Pemilik menyetor modal awal ke kas perusahaan. | E4: 1 | F4: 80000000 | G4: Kas bertambah dan modal pemilik bertambah. | I4: 1 | J4: 46600 | K4: Kas | L4: =Tabel2[[#This Row],[Nominal (Rp)]] -> 80000000 | N4: =IF($K4="","",IF(AND($K4=Kunci_Jurnal!$C4,IF($L4="",0,$L4)=IF(Kunci_Jurnal!$D4="",0,Kunci_Jurnal!$D4),IF($M4="",0,$M4)=IF(Kunci_Jurnal!$E4="",0,Kunci_Jurnal!$E4)),"Benar","Cek lagi")) -> Benar
I5: 1 | J5: 46600 | K5: Modal | L5: =Tabel2[[#This Row],[Nominal (Rp)]] -> 0 | M5: =L4 -> 80000000 | N5: =IF($K5="","",IF(AND($K5=Kunci_Jurnal!$C5,IF($L5="",0,$L5)=IF(Kunci_Jurnal!$D5="",0,Kunci_Jurnal!$D5),IF($M5="",0,$M5)=IF(Kunci_Jurnal!$E5="",0,Kunci_Jurnal!$E5)),"Benar","Cek lagi")) -> Benar
A6: 2 | B6: 46601 | C6: Setor kas ke bank | D6: Perusahaan menyetorkan sebagian kas tunai ke rekening bank perusahaan. | E6: 2 | F6: 50000000 | G6: Bank bertambah, kas berkurang. | I6: 2 | J6: 46601 | K6: Bank | L6: =Tabel2[[#This Row],[Nominal (Rp)]] -> 50000000 | N6: =IF($K6="","",IF(AND($K6=Kunci_Jurnal!$C6,IF($L6="",0,$L6)=IF(Kunci_Jurnal!$D6="",0,Kunci_Jurnal!$D6),IF($M6="",0,$M6)=IF(Kunci_Jurnal!$E6="",0,Kunci_Jurnal!$E6)),"Benar","Cek lagi")) -> Benar
I7: 2 | J7: 46601 | K7: Kas | L7: =Tabel2[[#This Row],[Nominal (Rp)]] -> 0 | M7: =L6 -> 50000000 | N7: =IF($K7="","",IF(AND($K7=Kunci_Jurnal!$C7,IF($L7="",0,$L7)=IF(Kunci_Jurnal!$D7="",0,Kunci_Jurnal!$D7),IF($M7="",0,$M7)=IF(Kunci_Jurnal!$E7="",0,Kunci_Jurnal!$E7)),"Benar","Cek lagi")) -> Benar
A8: 3 | B8: 46602 | C8: Penerbitan modal saham | D8: Perusahaan menerbitkan saham dan menerima dana ke rekening bank. | E8: 3 | F8: 120000000 | G8: Bank bertambah, modal saham bertambah. | I8: 3 | J8: 46602 | K8: Bank | L8: =Tabel2[[#This Row],[Nominal (Rp)]] -> 120000000 | N8: =IF($K8="","",IF(AND($K8=Kunci_Jurnal!$C8,IF($L8="",0,$L8)=IF(Kunci_Jurnal!$D8="",0,Kunci_Jurnal!$D8),IF($M8="",0,$M8)=IF(Kunci_Jurnal!$E8="",0,Kunci_Jurnal!$E8)),"Benar","Cek lagi")) -> Benar
I9: 3 | J9: 46602 | K9: Modal Saham | L9: =Tabel2[[#This Row],[Nominal (Rp)]] -> 0 | M9: =L8 -> 120000000 | N9: =IF($K9="","",IF(AND($K9=Kunci_Jurnal!$C9,IF($L9="",0,$L9)=IF(Kunci_Jurnal!$D9="",0,Kunci_Jurnal!$D9),IF($M9="",0,$M9)=IF(Kunci_Jurnal!$E9="",0,Kunci_Jurnal!$E9)),"Benar","Cek lagi")) -> Benar
A10: 4 | B10: 46603 | C10: Tambahan modal disetor | D10: Pemegang saham menyetor tambahan modal di atas nilai nominal saham ke rekening bank. | E10: 4 | F10: 25000000 | G10: Bank bertambah, tambahan modal disetor bertambah. | I10: 4 | J10: 46603 | K10: Bank | L10: =Tabel2[[#This Row],[Nominal (Rp)]] -> 25000000 | N10: =IF($K10="","",IF(AND($K10=Kunci_Jurnal!$C10,IF($L10="",0,$L10)=IF(Kunci_Jurnal!$D10="",0,Kunci_Jurnal!$D10),IF($M10="",0,$M10)=IF(Kunci_Jurnal!$E10="",0,Kunci_Jurnal!$E10)),"Benar","Cek lagi")) -> Benar
I11: 4 | J11: 46603 | K11: Tambahan Modal Disetor | L11: =Tabel2[[#This Row],[Nominal (Rp)]] -> 0 | M11: =L10 -> 25000000 | N11: =IF($K11="","",IF(AND($K11=Kunci_Jurnal!$C11,IF($L11="",0,$L11)=IF(Kunci_Jurnal!$D11="",0,Kunci_Jurnal!$D11),IF($M11="",0,$M11)=IF(Kunci_Jurnal!$E11="",0,Kunci_Jurnal!$E11)),"Benar","Cek lagi")) -> Benar
A12: 5 | B12: 46604 | C12: Penetapan saldo laba | D12: Perusahaan memindahkan saldo laba periode berjalan ke laba ditahan. | E12: 5 | F12: 18000000 | G12: Saldo laba ditutup/dipindahkan ke laba ditahan. | I12: 5 | J12: 46604 | K12: Saldo Laba | L12: =Tabel2[[#This Row],[Nominal (Rp)]] -> 18000000 | N12: =IF($K12="","",IF(AND($K12=Kunci_Jurnal!$C12,IF($L12="",0,$L12)=IF(Kunci_Jurnal!$D12="",0,Kunci_Jurnal!$D12),IF($M12="",0,$M12)=IF(Kunci_Jurnal!$E12="",0,Kunci_Jurnal!$E12)),"Benar","Cek lagi")) -> Benar
I13: 5 | J13: 46604 | K13: Laba Ditahan | L13: =Tabel2[[#This Row],[Nominal (Rp)]] -> 0 | M13: =L12 -> 18000000 | N13: =IF($K13="","",IF(AND($K13=Kunci_Jurnal!$C13,IF($L13="",0,$L13)=IF(Kunci_Jurnal!$D13="",0,Kunci_Jurnal!$D13),IF($M13="",0,$M13)=IF(Kunci_Jurnal!$E13="",0,Kunci_Jurnal!$E13)),"Benar","Cek lagi")) -> Benar
A14: 6 | B14: 46605 | C14: Prive tunai | D14: Pemilik mengambil uang kas perusahaan untuk keperluan pribadi. | E14: 6 | F14: 3000000 | G14: Prive bertambah, kas berkurang. | I14: 6 | J14: 46605 | K14: Prive | L14: =Tabel2[[#This Row],[Nominal (Rp)]] -> 3000000 | N14: =IF($K14="","",IF(AND($K14=Kunci_Jurnal!$C14,IF($L14="",0,$L14)=IF(Kunci_Jurnal!$D14="",0,Kunci_Jurnal!$D14),IF($M14="",0,$M14)=IF(Kunci_Jurnal!$E14="",0,Kunci_Jurnal!$E14)),"Benar","Cek lagi")) -> Benar
I15: 6 | J15: 46605 | K15: Kas | L15: =Tabel2[[#This Row],[Nominal (Rp)]] -> 0 | M15: =L14 -> 3000000 | N15: =IF($K15="","",IF(AND($K15=Kunci_Jurnal!$C15,IF($L15="",0,$L15)=IF(Kunci_Jurnal!$D15="",0,Kunci_Jurnal!$D15),IF($M15="",0,$M15)=IF(Kunci_Jurnal!$E15="",0,Kunci_Jurnal!$E15)),"Benar","Cek lagi")) -> Benar
A16: 7 | B16: 46606 | C16: Pembelian persediaan kredit | D16: Perusahaan membeli persediaan barang dagang secara kredit dari pemasok. | E16: 7 | F16: 35000000 | G16: Persediaan bertambah, utang usaha bertambah. | I16: 7 | J16: 46606 | K16: Persediaan | L16: =Tabel2[[#This Row],[Nominal (Rp)]] -> 35000000 | N16: =IF($K16="","",IF(AND($K16=Kunci_Jurnal!$C16,IF($L16="",0,$L16)=IF(Kunci_Jurnal!$D16="",0,Kunci_Jurnal!$D16),IF($M16="",0,$M16)=IF(Kunci_Jurnal!$E16="",0,Kunci_Jurnal!$E16)),"Benar","Cek lagi")) -> Benar
I17: 7 | J17: 46606 | K17: Utang Usaha | L17: =Tabel2[[#This Row],[Nominal (Rp)]] -> 0 | M17: =L16 -> 35000000 | N17: =IF($K17="","",IF(AND($K17=Kunci_Jurnal!$C17,IF($L17="",0,$L17)=IF(Kunci_Jurnal!$D17="",0,Kunci_Jurnal!$D17),IF($M17="",0,$M17)=IF(Kunci_Jurnal!$E17="",0,Kunci_Jurnal!$E17)),"Benar","Cek lagi")) -> Benar
A18: 8 | B18: 46607 | C18: Pembelian perlengkapan tunai | D18: Perusahaan membeli perlengkapan kantor secara tunai. | E18: 8 | F18: 4500000 | G18: Perlengkapan bertambah, kas berkurang. | I18: 8 | J18: 46607 | K18: Perlengkapan | L18: =Tabel2[[#This Row],[Nominal (Rp)]] -> 4500000 | N18: =IF($K18="","",IF(AND($K18=Kunci_Jurnal!$C18,IF($L18="",0,$L18)=IF(Kunci_Jurnal!$D18="",0,Kunci_Jurnal!$D18),IF($M18="",0,$M18)=IF(Kunci_Jurnal!$E18="",0,Kunci_Jurnal!$E18)),"Benar","Cek lagi")) -> Benar
I19: 8 | J19: 46607 | K19: Kas | L19: =Tabel2[[#This Row],[Nominal (Rp)]] -> 0 | M19: =L18 -> 4500000 | N19: =IF($K19="","",IF(AND($K19=Kunci_Jurnal!$C19,IF($L19="",0,$L19)=IF(Kunci_Jurnal!$D19="",0,Kunci_Jurnal!$D19),IF($M19="",0,$M19)=IF(Kunci_Jurnal!$E19="",0,Kunci_Jurnal!$E19)),"Benar","Cek lagi")) -> Benar
A20: 9 | B20: 46608 | C20: Bayar sewa di muka | D20: Perusahaan membayar sewa kantor untuk beberapa bulan ke depan melalui bank. | E20: 9 | F20: 12000000 | G20: Sewa dibayar di muka adalah aset. | I20: 9 | J20: 46608 | K20: Sewa Dibayar di Muka | L20: =Tabel2[[#This Row],[Nominal (Rp)]] -> 12000000 | N20: =IF($K20="","",IF(AND($K20=Kunci_Jurnal!$C20,IF($L20="",0,$L20)=IF(Kunci_Jurnal!$D20="",0,Kunci_Jurnal!$D20),IF($M20="",0,$M20)=IF(Kunci_Jurnal!$E20="",0,Kunci_Jurnal!$E20)),"Benar","Cek lagi")) -> Benar
I21: 9 | J21: 46608 | K21: Bank | L21: =Tabel2[[#This Row],[Nominal (Rp)]] -> 0 | M21: =L20 -> 12000000 | N21: =IF($K21="","",IF(AND($K21=Kunci_Jurnal!$C21,IF($L21="",0,$L21)=IF(Kunci_Jurnal!$D21="",0,Kunci_Jurnal!$D21),IF($M21="",0,$M21)=IF(Kunci_Jurnal!$E21="",0,Kunci_Jurnal!$E21)),"Benar","Cek lagi")) -> Benar
A22: 10 | B22: 46609 | C22: Bayar asuransi di muka | D22: Perusahaan membayar premi asuransi tahunan melalui bank. | E22: 10 | F22: 6000000 | G22: Asuransi dibayar di muka adalah aset. | I22: 10 | J22: 46609 | K22: Asuransi Dibayar di Muka | L22: =Tabel2[[#This Row],[Nominal (Rp)]] -> 6000000 | N22: =IF($K22="","",IF(AND($K22=Kunci_Jurnal!$C22,IF($L22="",0,$L22)=IF(Kunci_Jurnal!$D22="",0,Kunci_Jurnal!$D22),IF($M22="",0,$M22)=IF(Kunci_Jurnal!$E22="",0,Kunci_Jurnal!$E22)),"Benar","Cek lagi")) -> Benar
I23: 10 | J23: 46609 | K23: Bank | L23: =Tabel2[[#This Row],[Nominal (Rp)]] -> 0 | M23: =L22 -> 6000000 | N23: =IF($K23="","",IF(AND($K23=Kunci_Jurnal!$C23,IF($L23="",0,$L23)=IF(Kunci_Jurnal!$D23="",0,Kunci_Jurnal!$D23),IF($M23="",0,$M23)=IF(Kunci_Jurnal!$E23="",0,Kunci_Jurnal!$E23)),"Benar","Cek lagi")) -> Benar
A24: 11 | B24: 46610 | C24: Bayar iklan di muka | D24: Perusahaan membayar paket iklan untuk kampanye bulan berikutnya melalui bank. | E24: 11 | F24: 7500000 | G24: Iklan dibayar di muka adalah aset. | I24: 11 | J24: 46610 | K24: Iklan Dibayar di Muka | L24: =Tabel2[[#This Row],[Nominal (Rp)]] -> 7500000 | N24: =IF($K24="","",IF(AND($K24=Kunci_Jurnal!$C24,IF($L24="",0,$L24)=IF(Kunci_Jurnal!$D24="",0,Kunci_Jurnal!$D24),IF($M24="",0,$M24)=IF(Kunci_Jurnal!$E24="",0,Kunci_Jurnal!$E24)),"Benar","Cek lagi")) -> Benar
I25: 11 | J25: 46610 | K25: Bank | L25: =Tabel2[[#This Row],[Nominal (Rp)]] -> 0 | M25: =L24 -> 7500000 | N25: =IF($K25="","",IF(AND($K25=Kunci_Jurnal!$C25,IF($L25="",0,$L25)=IF(Kunci_Jurnal!$D25="",0,Kunci_Jurnal!$D25),IF($M25="",0,$M25)=IF(Kunci_Jurnal!$E25="",0,Kunci_Jurnal!$E25)),"Benar","Cek lagi")) -> Benar
A26: 12 | B26: 46611 | C26: Uang muka pembelian | D26: Perusahaan membayar uang muka pembelian barang kepada pemasok melalui bank. | E26: 12 | F26: 10000000 | G26: Uang muka pembelian bertambah, bank berkurang. | I26: 12 | J26: 46611 | K26: Uang Muka Pembelian | L26: =Tabel2[[#This Row],[Nominal (Rp)]] -> 10000000 | N26: =IF($K26="","",IF(AND($K26=Kunci_Jurnal!$C26,IF($L26="",0,$L26)=IF(Kunci_Jurnal!$D26="",0,Kunci_Jurnal!$D26),IF($M26="",0,$M26)=IF(Kunci_Jurnal!$E26="",0,Kunci_Jurnal!$E26)),"Benar","Cek lagi")) -> Benar
I27: 12 | J27: 46611 | K27: Bank | L27: =Tabel2[[#This Row],[Nominal (Rp)]] -> 0 | M27: =L26 -> 10000000 | N27: =IF($K27="","",IF(AND($K27=Kunci_Jurnal!$C27,IF($L27="",0,$L27)=IF(Kunci_Jurnal!$D27="",0,Kunci_Jurnal!$D27),IF($M27="",0,$M27)=IF(Kunci_Jurnal!$E27="",0,Kunci_Jurnal!$E27)),"Benar","Cek lagi")) -> Benar
A28: 13 | B28: 46612 | C28: Pembelian peralatan kredit jangka pendek | D28: Perusahaan membeli peralatan operasional dengan kredit yang jatuh tempo kurang dari satu tahun. | E28: 13 | F28: 22000000 | G28: Peralatan bertambah, utang jangka pendek bertambah. | I28: 13 | J28: 46612 | K28: Peralatan | L28: =Tabel2[[#This Row],[Nominal (Rp)]] -> 22000000 | N28: =IF($K28="","",IF(AND($K28=Kunci_Jurnal!$C28,IF($L28="",0,$L28)=IF(Kunci_Jurnal!$D28="",0,Kunci_Jurnal!$D28),IF($M28="",0,$M28)=IF(Kunci_Jurnal!$E28="",0,Kunci_Jurnal!$E28)),"Benar","Cek lagi")) -> Benar
I29: 13 | J29: 46612 | K29: Utang Jangka Pendek | L29: =Tabel2[[#This Row],[Nominal (Rp)]] -> 0 | M29: =L28 -> 22000000 | N29: =IF($K29="","",IF(AND($K29=Kunci_Jurnal!$C29,IF($L29="",0,$L29)=IF(Kunci_Jurnal!$D29="",0,Kunci_Jurnal!$D29),IF($M29="",0,$M29)=IF(Kunci_Jurnal!$E29="",0,Kunci_Jurnal!$E29)),"Benar","Cek lagi")) -> Benar
A30: 14 | B30: 46613 | C30: Pembelian peralatan kantor kredit | D30: Perusahaan membeli meja dan komputer kantor secara kredit dari pemasok. | E30: 14 | F30: 15000000 | G30: Peralatan kantor bertambah, utang usaha bertambah. | I30: 14 | J30: 46613 | K30: Peralatan Kantor | L30: =Tabel2[[#This Row],[Nominal (Rp)]] -> 15000000 | N30: =IF($K30="","",IF(AND($K30=Kunci_Jurnal!$C30,IF($L30="",0,$L30)=IF(Kunci_Jurnal!$D30="",0,Kunci_Jurnal!$D30),IF($M30="",0,$M30)=IF(Kunci_Jurnal!$E30="",0,Kunci_Jurnal!$E30)),"Benar","Cek lagi")) -> Benar
I31: 14 | J31: 46613 | K31: Utang Usaha | L31: =Tabel2[[#This Row],[Nominal (Rp)]] -> 0 | M31: =L30 -> 15000000 | N31: =IF($K31="","",IF(AND($K31=Kunci_Jurnal!$C31,IF($L31="",0,$L31)=IF(Kunci_Jurnal!$D31="",0,Kunci_Jurnal!$D31),IF($M31="",0,$M31)=IF(Kunci_Jurnal!$E31="",0,Kunci_Jurnal!$E31)),"Benar","Cek lagi")) -> Benar
A32: 15 | B32: 46614 | C32: Pembelian kendaraan dengan pinjaman bank | D32: Perusahaan membeli kendaraan operasional menggunakan fasilitas pinjaman bank. | E32: 15 | F32: 180000000 | G32: Kendaraan bertambah, utang bank bertambah. | I32: 15 | J32: 46614 | K32: Kendaraan | L32: =Tabel2[[#This Row],[Nominal (Rp)]] -> 180000000 | N32: =IF($K32="","",IF(AND($K32=Kunci_Jurnal!$C32,IF($L32="",0,$L32)=IF(Kunci_Jurnal!$D32="",0,Kunci_Jurnal!$D32),IF($M32="",0,$M32)=IF(Kunci_Jurnal!$E32="",0,Kunci_Jurnal!$E32)),"Benar","Cek lagi")) -> Benar
I33: 15 | J33: 46614 | K33: Utang Bank | L33: =Tabel2[[#This Row],[Nominal (Rp)]] -> 0 | M33: =L32 -> 180000000 | N33: =IF($K33="","",IF(AND($K33=Kunci_Jurnal!$C33,IF($L33="",0,$L33)=IF(Kunci_Jurnal!$D33="",0,Kunci_Jurnal!$D33),IF($M33="",0,$M33)=IF(Kunci_Jurnal!$E33="",0,Kunci_Jurnal!$E33)),"Benar","Cek lagi")) -> Benar
A34: 16 | B34: 46615 | C34: Pembelian gedung kredit jangka panjang | D34: Perusahaan membeli gedung kantor dengan pembiayaan jangka panjang. | E34: 16 | F34: 350000000 | G34: Gedung bertambah, utang jangka panjang bertambah. | I34: 16 | J34: 46615 | K34: Gedung | L34: =Tabel2[[#This Row],[Nominal (Rp)]] -> 350000000 | N34: =IF($K34="","",IF(AND($K34=Kunci_Jurnal!$C34,IF($L34="",0,$L34)=IF(Kunci_Jurnal!$D34="",0,Kunci_Jurnal!$D34),IF($M34="",0,$M34)=IF(Kunci_Jurnal!$E34="",0,Kunci_Jurnal!$E34)),"Benar","Cek lagi")) -> Benar
I35: 16 | J35: 46615 | K35: Utang Jangka Panjang | L35: =Tabel2[[#This Row],[Nominal (Rp)]] -> 0 | M35: =L34 -> 350000000 | N35: =IF($K35="","",IF(AND($K35=Kunci_Jurnal!$C35,IF($L35="",0,$L35)=IF(Kunci_Jurnal!$D35="",0,Kunci_Jurnal!$D35),IF($M35="",0,$M35)=IF(Kunci_Jurnal!$E35="",0,Kunci_Jurnal!$E35)),"Benar","Cek lagi")) -> Benar
A36: 17 | B36: 46616 | C36: Pembelian tanah dengan pinjaman bank | D36: Perusahaan membeli tanah untuk lokasi usaha menggunakan fasilitas pinjaman bank. | E36: 17 | F36: 220000000 | G36: Tanah bertambah, utang bank bertambah. | I36: 17 | J36: 46616 | K36: Tanah | L36: =Tabel2[[#This Row],[Nominal (Rp)]] -> 220000000 | N36: =IF($K36="","",IF(AND($K36=Kunci_Jurnal!$C36,IF($L36="",0,$L36)=IF(Kunci_Jurnal!$D36="",0,Kunci_Jurnal!$D36),IF($M36="",0,$M36)=IF(Kunci_Jurnal!$E36="",0,Kunci_Jurnal!$E36)),"Benar","Cek lagi")) -> Benar
I37: 17 | J37: 46616 | K37: Utang Bank | L37: =Tabel2[[#This Row],[Nominal (Rp)]] -> 0 | M37: =L36 -> 220000000 | N37: =IF($K37="","",IF(AND($K37=Kunci_Jurnal!$C37,IF($L37="",0,$L37)=IF(Kunci_Jurnal!$D37="",0,Kunci_Jurnal!$D37),IF($M37="",0,$M37)=IF(Kunci_Jurnal!$E37="",0,Kunci_Jurnal!$E37)),"Benar","Cek lagi")) -> Benar
A38: 18 | B38: 46617 | C38: Pendapatan jasa tunai | D38: Perusahaan menerima pendapatan jasa konsultasi secara tunai. | E38: 18 | F38: 14000000 | G38: Kas bertambah, pendapatan jasa bertambah. | I38: 18 | J38: 46617 | K38: Kas | L38: =Tabel2[[#This Row],[Nominal (Rp)]] -> 14000000 | N38: =IF($K38="","",IF(AND($K38=Kunci_Jurnal!$C38,IF($L38="",0,$L38)=IF(Kunci_Jurnal!$D38="",0,Kunci_Jurnal!$D38),IF($M38="",0,$M38)=IF(Kunci_Jurnal!$E38="",0,Kunci_Jurnal!$E38)),"Benar","Cek lagi")) -> Benar
I39: 18 | J39: 46617 | K39: Pendapatan Jasa | L39: =Tabel2[[#This Row],[Nominal (Rp)]] -> 0 | M39: =L38 -> 14000000 | N39: =IF($K39="","",IF(AND($K39=Kunci_Jurnal!$C39,IF($L39="",0,$L39)=IF(Kunci_Jurnal!$D39="",0,Kunci_Jurnal!$D39),IF($M39="",0,$M39)=IF(Kunci_Jurnal!$E39="",0,Kunci_Jurnal!$E39)),"Benar","Cek lagi")) -> Benar
A40: 19 | B40: 46618 | C40: Penjualan barang kredit | D40: Perusahaan menjual barang dagang secara kredit kepada pelanggan. | E40: 19 | F40: 28000000 | G40: Piutang usaha bertambah, pendapatan penjualan bertambah. | I40: 19 | J40: 46618 | K40: Piutang Usaha | L40: =Tabel2[[#This Row],[Nominal (Rp)]] -> 28000000 | N40: =IF($K40="","",IF(AND($K40=Kunci_Jurnal!$C40,IF($L40="",0,$L40)=IF(Kunci_Jurnal!$D40="",0,Kunci_Jurnal!$D40),IF($M40="",0,$M40)=IF(Kunci_Jurnal!$E40="",0,Kunci_Jurnal!$E40)),"Benar","Cek lagi")) -> Benar
I41: 19 | J41: 46618 | K41: Pendapatan Penjualan | L41: =Tabel2[[#This Row],[Nominal (Rp)]] -> 0 | M41: =L40 -> 28000000 | N41: =IF($K41="","",IF(AND($K41=Kunci_Jurnal!$C41,IF($L41="",0,$L41)=IF(Kunci_Jurnal!$D41="",0,Kunci_Jurnal!$D41),IF($M41="",0,$M41)=IF(Kunci_Jurnal!$E41="",0,Kunci_Jurnal!$E41)),"Benar","Cek lagi")) -> Benar
A42: 20 | B42: 46619 | C42: Terima uang muka pelanggan | D42: Pelanggan membayar uang muka untuk pekerjaan yang belum selesai, diterima melalui bank. | E42: 20 | F42: 16000000 | G42: Bank bertambah, pendapatan diterima di muka bertambah. | I42: 20 | J42: 46619 | K42: Bank | L42: =Tabel2[[#This Row],[Nominal (Rp)]] -> 16000000 | N42: =IF($K42="","",IF(AND($K42=Kunci_Jurnal!$C42,IF($L42="",0,$L42)=IF(Kunci_Jurnal!$D42="",0,Kunci_Jurnal!$D42),IF($M42="",0,$M42)=IF(Kunci_Jurnal!$E42="",0,Kunci_Jurnal!$E42)),"Benar","Cek lagi")) -> Benar
I43: 20 | J43: 46619 | K43: Pendapatan Diterima di Muka | L43: =Tabel2[[#This Row],[Nominal (Rp)]] -> 0 | M43: =L42 -> 16000000 | N43: =IF($K43="","",IF(AND($K43=Kunci_Jurnal!$C43,IF($L43="",0,$L43)=IF(Kunci_Jurnal!$D43="",0,Kunci_Jurnal!$D43),IF($M43="",0,$M43)=IF(Kunci_Jurnal!$E43="",0,Kunci_Jurnal!$E43)),"Benar","Cek lagi")) -> Benar
A44: 21 | B44: 46620 | C44: Pendapatan komisi tunai | D44: Perusahaan menerima komisi penjualan secara tunai. | E44: 21 | F44: 5500000 | G44: Kas bertambah, pendapatan komisi bertambah. | I44: 21 | J44: 46620 | K44: Kas | L44: =Tabel2[[#This Row],[Nominal (Rp)]] -> 5500000 | N44: =IF($K44="","",IF(AND($K44=Kunci_Jurnal!$C44,IF($L44="",0,$L44)=IF(Kunci_Jurnal!$D44="",0,Kunci_Jurnal!$D44),IF($M44="",0,$M44)=IF(Kunci_Jurnal!$E44="",0,Kunci_Jurnal!$E44)),"Benar","Cek lagi")) -> Benar
I45: 21 | J45: 46620 | K45: Pendapatan Komisi | L45: =Tabel2[[#This Row],[Nominal (Rp)]] -> 0 | M45: =L44 -> 5500000 | N45: =IF($K45="","",IF(AND($K45=Kunci_Jurnal!$C45,IF($L45="",0,$L45)=IF(Kunci_Jurnal!$D45="",0,Kunci_Jurnal!$D45),IF($M45="",0,$M45)=IF(Kunci_Jurnal!$E45="",0,Kunci_Jurnal!$E45)),"Benar","Cek lagi")) -> Benar
A46: 22 | B46: 46621 | C46: Pendapatan sewa melalui bank | D46: Perusahaan menerima pendapatan sewa ruangan melalui rekening bank. | E46: 22 | F46: 9000000 | G46: Bank bertambah, pendapatan sewa bertambah. | I46: 22 | J46: 46621 | K46: Bank | L46: =Tabel2[[#This Row],[Nominal (Rp)]] -> 9000000 | N46: =IF($K46="","",IF(AND($K46=Kunci_Jurnal!$C46,IF($L46="",0,$L46)=IF(Kunci_Jurnal!$D46="",0,Kunci_Jurnal!$D46),IF($M46="",0,$M46)=IF(Kunci_Jurnal!$E46="",0,Kunci_Jurnal!$E46)),"Benar","Cek lagi")) -> Benar
I47: 22 | J47: 46621 | K47: Pendapatan Sewa | L47: =Tabel2[[#This Row],[Nominal (Rp)]] -> 0 | M47: =L46 -> 9000000 | N47: =IF($K47="","",IF(AND($K47=Kunci_Jurnal!$C47,IF($L47="",0,$L47)=IF(Kunci_Jurnal!$D47="",0,Kunci_Jurnal!$D47),IF($M47="",0,$M47)=IF(Kunci_Jurnal!$E47="",0,Kunci_Jurnal!$E47)),"Benar","Cek lagi")) -> Benar
A48: 23 | B48: 46622 | C48: Pendapatan bunga bank | D48: Bank mengkreditkan pendapatan bunga ke rekening perusahaan. | E48: 23 | F48: 1200000 | G48: Bank bertambah, pendapatan bunga bertambah. | I48: 23 | J48: 46622 | K48: Bank | L48: =Tabel2[[#This Row],[Nominal (Rp)]] -> 1200000 | N48: =IF($K48="","",IF(AND($K48=Kunci_Jurnal!$C48,IF($L48="",0,$L48)=IF(Kunci_Jurnal!$D48="",0,Kunci_Jurnal!$D48),IF($M48="",0,$M48)=IF(Kunci_Jurnal!$E48="",0,Kunci_Jurnal!$E48)),"Benar","Cek lagi")) -> Benar
I49: 23 | J49: 46622 | K49: Pendapatan Bunga | L49: =Tabel2[[#This Row],[Nominal (Rp)]] -> 0 | M49: =L48 -> 1200000 | N49: =IF($K49="","",IF(AND($K49=Kunci_Jurnal!$C49,IF($L49="",0,$L49)=IF(Kunci_Jurnal!$D49="",0,Kunci_Jurnal!$D49),IF($M49="",0,$M49)=IF(Kunci_Jurnal!$E49="",0,Kunci_Jurnal!$E49)),"Benar","Cek lagi")) -> Benar
A50: 24 | B50: 46623 | C50: Pendapatan administrasi tunai | D50: Perusahaan menerima pendapatan administrasi dari pelanggan secara tunai. | E50: 24 | F50: 2750000 | G50: Kas bertambah, pendapatan administrasi bertambah. | I50: 24 | J50: 46623 | K50: Kas | L50: =Tabel2[[#This Row],[Nominal (Rp)]] -> 2750000 | N50: =IF($K50="","",IF(AND($K50=Kunci_Jurnal!$C50,IF($L50="",0,$L50)=IF(Kunci_Jurnal!$D50="",0,Kunci_Jurnal!$D50),IF($M50="",0,$M50)=IF(Kunci_Jurnal!$E50="",0,Kunci_Jurnal!$E50)),"Benar","Cek lagi")) -> Benar
I51: 24 | J51: 46623 | K51: Pendapatan Administrasi | L51: =Tabel2[[#This Row],[Nominal (Rp)]] -> 0 | M51: =L50 -> 2750000 | N51: =IF($K51="","",IF(AND($K51=Kunci_Jurnal!$C51,IF($L51="",0,$L51)=IF(Kunci_Jurnal!$D51="",0,Kunci_Jurnal!$D51),IF($M51="",0,$M51)=IF(Kunci_Jurnal!$E51="",0,Kunci_Jurnal!$E51)),"Benar","Cek lagi")) -> Benar
A52: 25 | B52: 46624 | C52: Piutang lain-lain | D52: Perusahaan mencatat klaim penggantian biaya dari pihak ketiga yang belum diterima. | E52: 25 | F52: 3400000 | G52: Piutang lain-lain bertambah, pendapatan lain-lain bertambah. | I52: 25 | J52: 46624 | K52: Piutang Lain-lain | L52: =Tabel2[[#This Row],[Nominal (Rp)]] -> 3400000 | N52: =IF($K52="","",IF(AND($K52=Kunci_Jurnal!$C52,IF($L52="",0,$L52)=IF(Kunci_Jurnal!$D52="",0,Kunci_Jurnal!$D52),IF($M52="",0,$M52)=IF(Kunci_Jurnal!$E52="",0,Kunci_Jurnal!$E52)),"Benar","Cek lagi")) -> Benar
I53: 25 | J53: 46624 | K53: Pendapatan Lain-lain | L53: =Tabel2[[#This Row],[Nominal (Rp)]] -> 0 | M53: =L52 -> 3400000 | N53: =IF($K53="","",IF(AND($K53=Kunci_Jurnal!$C53,IF($L53="",0,$L53)=IF(Kunci_Jurnal!$D53="",0,Kunci_Jurnal!$D53),IF($M53="",0,$M53)=IF(Kunci_Jurnal!$E53="",0,Kunci_Jurnal!$E53)),"Benar","Cek lagi")) -> Benar
A54: 26 | B54: 46625 | C54: Bayar upah harian | D54: Perusahaan membayar upah pekerja harian secara tunai. | E54: 26 | F54: 4200000 | G54: Beban upah bertambah, kas berkurang. | I54: 26 | J54: 46625 | K54: Beban Upah | L54: =Tabel2[[#This Row],[Nominal (Rp)]] -> 4200000 | N54: =IF($K54="","",IF(AND($K54=Kunci_Jurnal!$C54,IF($L54="",0,$L54)=IF(Kunci_Jurnal!$D54="",0,Kunci_Jurnal!$D54),IF($M54="",0,$M54)=IF(Kunci_Jurnal!$E54="",0,Kunci_Jurnal!$E54)),"Benar","Cek lagi")) -> Benar
I55: 26 | J55: 46625 | K55: Kas | L55: =Tabel2[[#This Row],[Nominal (Rp)]] -> 0 | M55: =L54 -> 4200000 | N55: =IF($K55="","",IF(AND($K55=Kunci_Jurnal!$C55,IF($L55="",0,$L55)=IF(Kunci_Jurnal!$D55="",0,Kunci_Jurnal!$D55),IF($M55="",0,$M55)=IF(Kunci_Jurnal!$E55="",0,Kunci_Jurnal!$E55)),"Benar","Cek lagi")) -> Benar
A56: 27 | B56: 46626 | C56: Pinjaman kepada karyawan | D56: Perusahaan memberikan pinjaman sementara kepada karyawan secara tunai. | E56: 27 | F56: 2500000 | G56: Piutang karyawan bertambah, kas berkurang. | I56: 27 | J56: 46626 | K56: Piutang Karyawan | L56: =Tabel2[[#This Row],[Nominal (Rp)]] -> 2500000 | N56: =IF($K56="","",IF(AND($K56=Kunci_Jurnal!$C56,IF($L56="",0,$L56)=IF(Kunci_Jurnal!$D56="",0,Kunci_Jurnal!$D56),IF($M56="",0,$M56)=IF(Kunci_Jurnal!$E56="",0,Kunci_Jurnal!$E56)),"Benar","Cek lagi")) -> Benar
I57: 27 | J57: 46626 | K57: Kas | L57: =Tabel2[[#This Row],[Nominal (Rp)]] -> 0 | M57: =L56 -> 2500000 | N57: =IF($K57="","",IF(AND($K57=Kunci_Jurnal!$C57,IF($L57="",0,$L57)=IF(Kunci_Jurnal!$D57="",0,Kunci_Jurnal!$D57),IF($M57="",0,$M57)=IF(Kunci_Jurnal!$E57="",0,Kunci_Jurnal!$E57)),"Benar","Cek lagi")) -> Benar
A58: 28 | B58: 46627 | C58: Gaji terutang | D58: Perusahaan mencatat gaji karyawan akhir bulan yang belum dibayar. | E58: 28 | F58: 12000000 | G58: Beban gaji bertambah, utang gaji bertambah. | I58: 28 | J58: 46627 | K58: Beban Gaji | L58: =Tabel2[[#This Row],[Nominal (Rp)]] -> 12000000 | N58: =IF($K58="","",IF(AND($K58=Kunci_Jurnal!$C58,IF($L58="",0,$L58)=IF(Kunci_Jurnal!$D58="",0,Kunci_Jurnal!$D58),IF($M58="",0,$M58)=IF(Kunci_Jurnal!$E58="",0,Kunci_Jurnal!$E58)),"Benar","Cek lagi")) -> Benar
I59: 28 | J59: 46627 | K59: Utang Gaji | L59: =Tabel2[[#This Row],[Nominal (Rp)]] -> 0 | M59: =L58 -> 12000000 | N59: =IF($K59="","",IF(AND($K59=Kunci_Jurnal!$C59,IF($L59="",0,$L59)=IF(Kunci_Jurnal!$D59="",0,Kunci_Jurnal!$D59),IF($M59="",0,$M59)=IF(Kunci_Jurnal!$E59="",0,Kunci_Jurnal!$E59)),"Benar","Cek lagi")) -> Benar
A60: 29 | B60: 46628 | C60: Potongan PPh 21 karyawan | D60: Dari gaji terutang, perusahaan mengakui potongan PPh 21 karyawan yang harus disetor. | E60: 29 | F60: 1100000 | G60: Utang gaji berkurang, utang PPh 21 bertambah. | I60: 29 | J60: 46628 | K60: Utang Gaji | L60: =Tabel2[[#This Row],[Nominal (Rp)]] -> 1100000 | N60: =IF($K60="","",IF(AND($K60=Kunci_Jurnal!$C60,IF($L60="",0,$L60)=IF(Kunci_Jurnal!$D60="",0,Kunci_Jurnal!$D60),IF($M60="",0,$M60)=IF(Kunci_Jurnal!$E60="",0,Kunci_Jurnal!$E60)),"Benar","Cek lagi")) -> Benar
I61: 29 | J61: 46628 | K61: Utang PPh 21 | L61: =Tabel2[[#This Row],[Nominal (Rp)]] -> 0 | M61: =L60 -> 1100000 | N61: =IF($K61="","",IF(AND($K61=Kunci_Jurnal!$C61,IF($L61="",0,$L61)=IF(Kunci_Jurnal!$D61="",0,Kunci_Jurnal!$D61),IF($M61="",0,$M61)=IF(Kunci_Jurnal!$E61="",0,Kunci_Jurnal!$E61)),"Benar","Cek lagi")) -> Benar
A62: 30 | B62: 46629 | C62: Potongan BPJS karyawan | D62: Dari gaji terutang, perusahaan mengakui potongan BPJS karyawan yang harus disetor. | E62: 30 | F62: 800000 | G62: Utang gaji berkurang, utang BPJS bertambah. | I62: 30 | J62: 46629 | K62: Utang Gaji | L62: =Tabel2[[#This Row],[Nominal (Rp)]] -> 800000 | N62: =IF($K62="","",IF(AND($K62=Kunci_Jurnal!$C62,IF($L62="",0,$L62)=IF(Kunci_Jurnal!$D62="",0,Kunci_Jurnal!$D62),IF($M62="",0,$M62)=IF(Kunci_Jurnal!$E62="",0,Kunci_Jurnal!$E62)),"Benar","Cek lagi")) -> Benar
I63: 30 | J63: 46629 | K63: Utang BPJS | L63: =Tabel2[[#This Row],[Nominal (Rp)]] -> 0 | M63: =L62 -> 800000 | N63: =IF($K63="","",IF(AND($K63=Kunci_Jurnal!$C63,IF($L63="",0,$L63)=IF(Kunci_Jurnal!$D63="",0,Kunci_Jurnal!$D63),IF($M63="",0,$M63)=IF(Kunci_Jurnal!$E63="",0,Kunci_Jurnal!$E63)),"Benar","Cek lagi")) -> Benar
A64: 31 | B64: 46630 | C64: Beban pajak terutang | D64: Perusahaan mencatat beban pajak yang masih harus dibayar. | E64: 31 | F64: 2000000 | G64: Beban pajak bertambah, utang pajak bertambah. | I64: 31 | J64: 46630 | K64: Beban Pajak | L64: =Tabel2[[#This Row],[Nominal (Rp)]] -> 2000000 | N64: =IF($K64="","",IF(AND($K64=Kunci_Jurnal!$C64,IF($L64="",0,$L64)=IF(Kunci_Jurnal!$D64="",0,Kunci_Jurnal!$D64),IF($M64="",0,$M64)=IF(Kunci_Jurnal!$E64="",0,Kunci_Jurnal!$E64)),"Benar","Cek lagi")) -> Benar
I65: 31 | J65: 46630 | K65: Utang Pajak | L65: =Tabel2[[#This Row],[Nominal (Rp)]] -> 0 | M65: =L64 -> 2000000 | N65: =IF($K65="","",IF(AND($K65=Kunci_Jurnal!$C65,IF($L65="",0,$L65)=IF(Kunci_Jurnal!$D65="",0,Kunci_Jurnal!$D65),IF($M65="",0,$M65)=IF(Kunci_Jurnal!$E65="",0,Kunci_Jurnal!$E65)),"Benar","Cek lagi")) -> Benar
A66: 32 | B66: 46631 | C66: PPN keluaran belum disetor | D66: Perusahaan mencatat PPN keluaran atas penjualan kredit yang belum disetor ke negara. | E66: 32 | F66: 3080000 | G66: Piutang usaha bertambah, utang PPN bertambah. | I66: 32 | J66: 46631 | K66: Piutang Usaha | L66: =Tabel2[[#This Row],[Nominal (Rp)]] -> 3080000 | N66: =IF($K66="","",IF(AND($K66=Kunci_Jurnal!$C66,IF($L66="",0,$L66)=IF(Kunci_Jurnal!$D66="",0,Kunci_Jurnal!$D66),IF($M66="",0,$M66)=IF(Kunci_Jurnal!$E66="",0,Kunci_Jurnal!$E66)),"Benar","Cek lagi")) -> Benar
I67: 32 | J67: 46631 | K67: Utang PPN | L67: =Tabel2[[#This Row],[Nominal (Rp)]] -> 0 | M67: =L66 -> 3080000 | N67: =IF($K67="","",IF(AND($K67=Kunci_Jurnal!$C67,IF($L67="",0,$L67)=IF(Kunci_Jurnal!$D67="",0,Kunci_Jurnal!$D67),IF($M67="",0,$M67)=IF(Kunci_Jurnal!$E67="",0,Kunci_Jurnal!$E67)),"Benar","Cek lagi")) -> Benar
A68: 33 | B68: 46632 | C68: Beban sewa terutang | D68: Perusahaan mencatat beban sewa bulan berjalan yang belum dibayar. | E68: 33 | F68: 4000000 | G68: Beban sewa bertambah, utang sewa bertambah. | I68: 33 | J68: 46632 | K68: Beban Sewa | L68: =Tabel2[[#This Row],[Nominal (Rp)]] -> 4000000 | N68: =IF($K68="","",IF(AND($K68=Kunci_Jurnal!$C68,IF($L68="",0,$L68)=IF(Kunci_Jurnal!$D68="",0,Kunci_Jurnal!$D68),IF($M68="",0,$M68)=IF(Kunci_Jurnal!$E68="",0,Kunci_Jurnal!$E68)),"Benar","Cek lagi")) -> Benar
I69: 33 | J69: 46632 | K69: Utang Sewa | L69: =Tabel2[[#This Row],[Nominal (Rp)]] -> 0 | M69: =L68 -> 4000000 | N69: =IF($K69="","",IF(AND($K69=Kunci_Jurnal!$C69,IF($L69="",0,$L69)=IF(Kunci_Jurnal!$D69="",0,Kunci_Jurnal!$D69),IF($M69="",0,$M69)=IF(Kunci_Jurnal!$E69="",0,Kunci_Jurnal!$E69)),"Benar","Cek lagi")) -> Benar
A70: 34 | B70: 46633 | C70: Pelunasan piutang usaha | D70: Pelanggan melunasi sebagian piutang usaha melalui rekening bank. | E70: 34 | F70: 8000000 | G70: Bank bertambah, piutang usaha berkurang. | I70: 34 | J70: 46633 | K70: Bank | L70: =Tabel2[[#This Row],[Nominal (Rp)]] -> 8000000 | N70: =IF($K70="","",IF(AND($K70=Kunci_Jurnal!$C70,IF($L70="",0,$L70)=IF(Kunci_Jurnal!$D70="",0,Kunci_Jurnal!$D70),IF($M70="",0,$M70)=IF(Kunci_Jurnal!$E70="",0,Kunci_Jurnal!$E70)),"Benar","Cek lagi")) -> Benar
I71: 34 | J71: 46633 | K71: Piutang Usaha | L71: =Tabel2[[#This Row],[Nominal (Rp)]] -> 0 | M71: =L70 -> 8000000 | N71: =IF($K71="","",IF(AND($K71=Kunci_Jurnal!$C71,IF($L71="",0,$L71)=IF(Kunci_Jurnal!$D71="",0,Kunci_Jurnal!$D71),IF($M71="",0,$M71)=IF(Kunci_Jurnal!$E71="",0,Kunci_Jurnal!$E71)),"Benar","Cek lagi")) -> Benar
A72: 35 | B72: 46634 | C72: Pembayaran utang usaha | D72: Perusahaan membayar sebagian utang usaha kepada pemasok melalui bank. | E72: 35 | F72: 7000000 | G72: Utang usaha berkurang, bank berkurang. | I72: 35 | J72: 46634 | K72: Utang Usaha | L72: =Tabel2[[#This Row],[Nominal (Rp)]] -> 7000000 | N72: =IF($K72="","",IF(AND($K72=Kunci_Jurnal!$C72,IF($L72="",0,$L72)=IF(Kunci_Jurnal!$D72="",0,Kunci_Jurnal!$D72),IF($M72="",0,$M72)=IF(Kunci_Jurnal!$E72="",0,Kunci_Jurnal!$E72)),"Benar","Cek lagi")) -> Benar
I73: 35 | J73: 46634 | K73: Bank | L73: =Tabel2[[#This Row],[Nominal (Rp)]] -> 0 | M73: =L72 -> 7000000 | N73: =IF($K73="","",IF(AND($K73=Kunci_Jurnal!$C73,IF($L73="",0,$L73)=IF(Kunci_Jurnal!$D73="",0,Kunci_Jurnal!$D73),IF($M73="",0,$M73)=IF(Kunci_Jurnal!$E73="",0,Kunci_Jurnal!$E73)),"Benar","Cek lagi")) -> Benar
A74: 36 | B74: 46635 | C74: Pelunasan piutang lain-lain | D74: Pihak lain melunasi sebagian piutang lain-lain secara tunai. | E74: 36 | F74: 1000000 | G74: Kas bertambah, piutang lain-lain berkurang. | I74: 36 | J74: 46635 | K74: Kas | L74: =Tabel2[[#This Row],[Nominal (Rp)]] -> 1000000 | N74: =IF($K74="","",IF(AND($K74=Kunci_Jurnal!$C74,IF($L74="",0,$L74)=IF(Kunci_Jurnal!$D74="",0,Kunci_Jurnal!$D74),IF($M74="",0,$M74)=IF(Kunci_Jurnal!$E74="",0,Kunci_Jurnal!$E74)),"Benar","Cek lagi")) -> Benar
I75: 36 | J75: 46635 | K75: Piutang Lain-lain | L75: =Tabel2[[#This Row],[Nominal (Rp)]] -> 0 | M75: =L74 -> 1000000 | N75: =IF($K75="","",IF(AND($K75=Kunci_Jurnal!$C75,IF($L75="",0,$L75)=IF(Kunci_Jurnal!$D75="",0,Kunci_Jurnal!$D75),IF($M75="",0,$M75)=IF(Kunci_Jurnal!$E75="",0,Kunci_Jurnal!$E75)),"Benar","Cek lagi")) -> Benar
A76: 37 | B76: 46636 | C76: Pengembalian uang muka pembelian | D76: Pemasok mengembalikan sebagian uang muka pembelian ke rekening bank karena pesanan dibatalkan. | E76: 37 | F76: 2000000 | G76: Bank bertambah, uang muka pembelian berkurang. | I76: 37 | J76: 46636 | K76: Bank | L76: =Tabel2[[#This Row],[Nominal (Rp)]] -> 2000000 | N76: =IF($K76="","",IF(AND($K76=Kunci_Jurnal!$C76,IF($L76="",0,$L76)=IF(Kunci_Jurnal!$D76="",0,Kunci_Jurnal!$D76),IF($M76="",0,$M76)=IF(Kunci_Jurnal!$E76="",0,Kunci_Jurnal!$E76)),"Benar","Cek lagi")) -> Benar
I77: 37 | J77: 46636 | K77: Uang Muka Pembelian | L77: =Tabel2[[#This Row],[Nominal (Rp)]] -> 0 | M77: =L76 -> 2000000 | N77: =IF($K77="","",IF(AND($K77=Kunci_Jurnal!$C77,IF($L77="",0,$L77)=IF(Kunci_Jurnal!$D77="",0,Kunci_Jurnal!$D77),IF($M77="",0,$M77)=IF(Kunci_Jurnal!$E77="",0,Kunci_Jurnal!$E77)),"Benar","Cek lagi")) -> Benar
A78: 38 | B78: 46637 | C78: Pembayaran utang jangka pendek | D78: Perusahaan membayar sebagian utang jangka pendek melalui bank. | E78: 38 | F78: 5000000 | G78: Utang jangka pendek berkurang, bank berkurang. | I78: 38 | J78: 46637 | K78: Utang Jangka Pendek | L78: =Tabel2[[#This Row],[Nominal (Rp)]] -> 5000000 | N78: =IF($K78="","",IF(AND($K78=Kunci_Jurnal!$C78,IF($L78="",0,$L78)=IF(Kunci_Jurnal!$D78="",0,Kunci_Jurnal!$D78),IF($M78="",0,$M78)=IF(Kunci_Jurnal!$E78="",0,Kunci_Jurnal!$E78)),"Benar","Cek lagi")) -> Benar
I79: 38 | J79: 46637 | K79: Bank | L79: =Tabel2[[#This Row],[Nominal (Rp)]] -> 0 | M79: =L78 -> 5000000 | N79: =IF($K79="","",IF(AND($K79=Kunci_Jurnal!$C79,IF($L79="",0,$L79)=IF(Kunci_Jurnal!$D79="",0,Kunci_Jurnal!$D79),IF($M79="",0,$M79)=IF(Kunci_Jurnal!$E79="",0,Kunci_Jurnal!$E79)),"Benar","Cek lagi")) -> Benar
A80: 39 | B80: 46638 | C80: Pembayaran sebagian utang bank | D80: Perusahaan membayar sebagian pokok utang bank melalui rekening bank. | E80: 39 | F80: 6000000 | G80: Utang bank berkurang, bank berkurang. | I80: 39 | J80: 46638 | K80: Utang Bank | L80: =Tabel2[[#This Row],[Nominal (Rp)]] -> 6000000 | N80: =IF($K80="","",IF(AND($K80=Kunci_Jurnal!$C80,IF($L80="",0,$L80)=IF(Kunci_Jurnal!$D80="",0,Kunci_Jurnal!$D80),IF($M80="",0,$M80)=IF(Kunci_Jurnal!$E80="",0,Kunci_Jurnal!$E80)),"Benar","Cek lagi")) -> Benar
I81: 39 | J81: 46638 | K81: Bank | L81: =Tabel2[[#This Row],[Nominal (Rp)]] -> 0 | M81: =L80 -> 6000000 | N81: =IF($K81="","",IF(AND($K81=Kunci_Jurnal!$C81,IF($L81="",0,$L81)=IF(Kunci_Jurnal!$D81="",0,Kunci_Jurnal!$D81),IF($M81="",0,$M81)=IF(Kunci_Jurnal!$E81="",0,Kunci_Jurnal!$E81)),"Benar","Cek lagi")) -> Benar
A82: 40 | B82: 46639 | C82: Beban listrik terutang | D82: Tagihan listrik bulan berjalan telah diterima tetapi belum dibayar. | E82: 40 | F82: 1750000 | G82: Beban listrik bertambah, utang usaha bertambah. | I82: 40 | J82: 46639 | K82: Beban Listrik | L82: =Tabel2[[#This Row],[Nominal (Rp)]] -> 1750000 | N82: =IF($K82="","",IF(AND($K82=Kunci_Jurnal!$C82,IF($L82="",0,$L82)=IF(Kunci_Jurnal!$D82="",0,Kunci_Jurnal!$D82),IF($M82="",0,$M82)=IF(Kunci_Jurnal!$E82="",0,Kunci_Jurnal!$E82)),"Benar","Cek lagi")) -> Benar
I83: 40 | J83: 46639 | K83: Utang Usaha | L83: =Tabel2[[#This Row],[Nominal (Rp)]] -> 0 | M83: =L82 -> 1750000 | N83: =IF($K83="","",IF(AND($K83=Kunci_Jurnal!$C83,IF($L83="",0,$L83)=IF(Kunci_Jurnal!$D83="",0,Kunci_Jurnal!$D83),IF($M83="",0,$M83)=IF(Kunci_Jurnal!$E83="",0,Kunci_Jurnal!$E83)),"Benar","Cek lagi")) -> Benar
A84: 41 | B84: 46640 | C84: Beban air tunai | D84: Perusahaan membayar tagihan air secara tunai. | E84: 41 | F84: 450000 | G84: Beban air bertambah, kas berkurang. | I84: 41 | J84: 46640 | K84: Beban Air | L84: =Tabel2[[#This Row],[Nominal (Rp)]] -> 450000 | N84: =IF($K84="","",IF(AND($K84=Kunci_Jurnal!$C84,IF($L84="",0,$L84)=IF(Kunci_Jurnal!$D84="",0,Kunci_Jurnal!$D84),IF($M84="",0,$M84)=IF(Kunci_Jurnal!$E84="",0,Kunci_Jurnal!$E84)),"Benar","Cek lagi")) -> Benar
I85: 41 | J85: 46640 | K85: Kas | L85: =Tabel2[[#This Row],[Nominal (Rp)]] -> 0 | M85: =L84 -> 450000 | N85: =IF($K85="","",IF(AND($K85=Kunci_Jurnal!$C85,IF($L85="",0,$L85)=IF(Kunci_Jurnal!$D85="",0,Kunci_Jurnal!$D85),IF($M85="",0,$M85)=IF(Kunci_Jurnal!$E85="",0,Kunci_Jurnal!$E85)),"Benar","Cek lagi")) -> Benar
A86: 42 | B86: 46641 | C86: Beban telepon melalui bank | D86: Perusahaan membayar tagihan telepon melalui rekening bank. | E86: 42 | F86: 650000 | G86: Beban telepon bertambah, bank berkurang. | I86: 42 | J86: 46641 | K86: Beban Telepon | L86: =Tabel2[[#This Row],[Nominal (Rp)]] -> 650000 | N86: =IF($K86="","",IF(AND($K86=Kunci_Jurnal!$C86,IF($L86="",0,$L86)=IF(Kunci_Jurnal!$D86="",0,Kunci_Jurnal!$D86),IF($M86="",0,$M86)=IF(Kunci_Jurnal!$E86="",0,Kunci_Jurnal!$E86)),"Benar","Cek lagi")) -> Benar
I87: 42 | J87: 46641 | K87: Bank | L87: =Tabel2[[#This Row],[Nominal (Rp)]] -> 0 | M87: =L86 -> 650000 | N87: =IF($K87="","",IF(AND($K87=Kunci_Jurnal!$C87,IF($L87="",0,$L87)=IF(Kunci_Jurnal!$D87="",0,Kunci_Jurnal!$D87),IF($M87="",0,$M87)=IF(Kunci_Jurnal!$E87="",0,Kunci_Jurnal!$E87)),"Benar","Cek lagi")) -> Benar
A88: 43 | B88: 46642 | C88: Beban internet melalui bank | D88: Perusahaan membayar tagihan internet kantor melalui rekening bank. | E88: 43 | F88: 900000 | G88: Beban internet bertambah, bank berkurang. | I88: 43 | J88: 46642 | K88: Beban Internet | L88: =Tabel2[[#This Row],[Nominal (Rp)]] -> 900000 | N88: =IF($K88="","",IF(AND($K88=Kunci_Jurnal!$C88,IF($L88="",0,$L88)=IF(Kunci_Jurnal!$D88="",0,Kunci_Jurnal!$D88),IF($M88="",0,$M88)=IF(Kunci_Jurnal!$E88="",0,Kunci_Jurnal!$E88)),"Benar","Cek lagi")) -> Benar
I89: 43 | J89: 46642 | K89: Bank | L89: =Tabel2[[#This Row],[Nominal (Rp)]] -> 0 | M89: =L88 -> 900000 | N89: =IF($K89="","",IF(AND($K89=Kunci_Jurnal!$C89,IF($L89="",0,$L89)=IF(Kunci_Jurnal!$D89="",0,Kunci_Jurnal!$D89),IF($M89="",0,$M89)=IF(Kunci_Jurnal!$E89="",0,Kunci_Jurnal!$E89)),"Benar","Cek lagi")) -> Benar
A90: 44 | B90: 46643 | C90: Beban transportasi tunai | D90: Perusahaan membayar biaya transportasi operasional secara tunai. | E90: 44 | F90: 1150000 | G90: Beban transportasi bertambah, kas berkurang. | I90: 44 | J90: 46643 | K90: Beban Transportasi | L90: =Tabel2[[#This Row],[Nominal (Rp)]] -> 1150000 | N90: =IF($K90="","",IF(AND($K90=Kunci_Jurnal!$C90,IF($L90="",0,$L90)=IF(Kunci_Jurnal!$D90="",0,Kunci_Jurnal!$D90),IF($M90="",0,$M90)=IF(Kunci_Jurnal!$E90="",0,Kunci_Jurnal!$E90)),"Benar","Cek lagi")) -> Benar
I91: 44 | J91: 46643 | K91: Kas | L91: =Tabel2[[#This Row],[Nominal (Rp)]] -> 0 | M91: =L90 -> 1150000 | N91: =IF($K91="","",IF(AND($K91=Kunci_Jurnal!$C91,IF($L91="",0,$L91)=IF(Kunci_Jurnal!$D91="",0,Kunci_Jurnal!$D91),IF($M91="",0,$M91)=IF(Kunci_Jurnal!$E91="",0,Kunci_Jurnal!$E91)),"Benar","Cek lagi")) -> Benar
A92: 45 | B92: 46644 | C92: Beban bensin tunai | D92: Perusahaan membeli bensin untuk kendaraan operasional secara tunai. | E92: 45 | F92: 1000000 | G92: Beban bensin bertambah, kas berkurang. | I92: 45 | J92: 46644 | K92: Beban Bensin | L92: =Tabel2[[#This Row],[Nominal (Rp)]] -> 1000000 | N92: =IF($K92="","",IF(AND($K92=Kunci_Jurnal!$C92,IF($L92="",0,$L92)=IF(Kunci_Jurnal!$D92="",0,Kunci_Jurnal!$D92),IF($M92="",0,$M92)=IF(Kunci_Jurnal!$E92="",0,Kunci_Jurnal!$E92)),"Benar","Cek lagi")) -> Benar
I93: 45 | J93: 46644 | K93: Kas | L93: =Tabel2[[#This Row],[Nominal (Rp)]] -> 0 | M93: =L92 -> 1000000 | N93: =IF($K93="","",IF(AND($K93=Kunci_Jurnal!$C93,IF($L93="",0,$L93)=IF(Kunci_Jurnal!$D93="",0,Kunci_Jurnal!$D93),IF($M93="",0,$M93)=IF(Kunci_Jurnal!$E93="",0,Kunci_Jurnal!$E93)),"Benar","Cek lagi")) -> Benar
A94: 46 | B94: 46645 | C94: Beban administrasi bank | D94: Bank membebankan biaya administrasi rekening perusahaan. | E94: 46 | F94: 300000 | G94: Beban administrasi bertambah, bank berkurang. | I94: 46 | J94: 46645 | K94: Beban Administrasi | L94: =Tabel2[[#This Row],[Nominal (Rp)]] -> 300000 | N94: =IF($K94="","",IF(AND($K94=Kunci_Jurnal!$C94,IF($L94="",0,$L94)=IF(Kunci_Jurnal!$D94="",0,Kunci_Jurnal!$D94),IF($M94="",0,$M94)=IF(Kunci_Jurnal!$E94="",0,Kunci_Jurnal!$E94)),"Benar","Cek lagi")) -> Benar
I95: 46 | J95: 46645 | K95: Bank | L95: =Tabel2[[#This Row],[Nominal (Rp)]] -> 0 | M95: =L94 -> 300000 | N95: =IF($K95="","",IF(AND($K95=Kunci_Jurnal!$C95,IF($L95="",0,$L95)=IF(Kunci_Jurnal!$D95="",0,Kunci_Jurnal!$D95),IF($M95="",0,$M95)=IF(Kunci_Jurnal!$E95="",0,Kunci_Jurnal!$E95)),"Benar","Cek lagi")) -> Benar
A96: 47 | B96: 46646 | C96: Beban ATK tunai | D96: Perusahaan membeli alat tulis kantor untuk langsung dipakai secara tunai. | E96: 47 | F96: 550000 | G96: Beban ATK bertambah, kas berkurang. | I96: 47 | J96: 46646 | K96: Beban ATK | L96: =Tabel2[[#This Row],[Nominal (Rp)]] -> 550000 | N96: =IF($K96="","",IF(AND($K96=Kunci_Jurnal!$C96,IF($L96="",0,$L96)=IF(Kunci_Jurnal!$D96="",0,Kunci_Jurnal!$D96),IF($M96="",0,$M96)=IF(Kunci_Jurnal!$E96="",0,Kunci_Jurnal!$E96)),"Benar","Cek lagi")) -> Benar
I97: 47 | J97: 46646 | K97: Kas | L97: =Tabel2[[#This Row],[Nominal (Rp)]] -> 0 | M97: =L96 -> 550000 | N97: =IF($K97="","",IF(AND($K97=Kunci_Jurnal!$C97,IF($L97="",0,$L97)=IF(Kunci_Jurnal!$D97="",0,Kunci_Jurnal!$D97),IF($M97="",0,$M97)=IF(Kunci_Jurnal!$E97="",0,Kunci_Jurnal!$E97)),"Benar","Cek lagi")) -> Benar
A98: 48 | B98: 46647 | C98: Beban pemeliharaan kredit | D98: Perusahaan menerima tagihan pemeliharaan kendaraan yang belum dibayar. | E98: 48 | F98: 2300000 | G98: Beban pemeliharaan bertambah, utang usaha bertambah. | I98: 48 | J98: 46647 | K98: Beban Pemeliharaan | L98: =Tabel2[[#This Row],[Nominal (Rp)]] -> 2300000 | N98: =IF($K98="","",IF(AND($K98=Kunci_Jurnal!$C98,IF($L98="",0,$L98)=IF(Kunci_Jurnal!$D98="",0,Kunci_Jurnal!$D98),IF($M98="",0,$M98)=IF(Kunci_Jurnal!$E98="",0,Kunci_Jurnal!$E98)),"Benar","Cek lagi")) -> Benar
I99: 48 | J99: 46647 | K99: Utang Usaha | L99: =Tabel2[[#This Row],[Nominal (Rp)]] -> 0 | M99: =L98 -> 2300000 | N99: =IF($K99="","",IF(AND($K99=Kunci_Jurnal!$C99,IF($L99="",0,$L99)=IF(Kunci_Jurnal!$D99="",0,Kunci_Jurnal!$D99),IF($M99="",0,$M99)=IF(Kunci_Jurnal!$E99="",0,Kunci_Jurnal!$E99)),"Benar","Cek lagi")) -> Benar
A100: 49 | B100: 46648 | C100: Beban bunga terutang | D100: Perusahaan mencatat bunga pinjaman bank yang belum dibayar. | E100: 49 | F100: 2100000 | G100: Beban bunga bertambah, utang bunga bertambah. | I100: 49 | J100: 46648 | K100: Beban Bunga | L100: =Tabel2[[#This Row],[Nominal (Rp)]] -> 2100000 | N100: =IF($K100="","",IF(AND($K100=Kunci_Jurnal!$C100,IF($L100="",0,$L100)=IF(Kunci_Jurnal!$D100="",0,Kunci_Jurnal!$D100),IF($M100="",0,$M100)=IF(Kunci_Jurnal!$E100="",0,Kunci_Jurnal!$E100)),"Benar","Cek lagi")) -> Benar
...

Sheet Kunci_Jurnal
A1: KUNCI JURNAL UMUM - 50 SOAL / 100 BARIS, JURNAL UMUM BERFUNGSI TEMPAT MENCATAT TRANSAKSI PERTAMA KALI.
A2: Sheet ini adalah sumber utama untuk menghitung Buku Besar, Neraca Saldo, dan laporan. Jangan ubah nama akun sembarangan.
A3: No | B3: Tanggal | C3: Akun | D3: Debit (Rp) | E3: Kredit (Rp) | F3: Alasan | H3: Daftar Akun
A4: 1 | B4: 46600 | C4: Kas | D4: 80000000 | F4: Kas bertambah karena menerima setoran modal. | H4: Kas
A5: 1 | B5: 46600 | C5: Modal | E5: 80000000 | F5: Modal pemilik bertambah. | H5: Bank
A6: 2 | B6: 46601 | C6: Bank | D6: 50000000 | F6: Saldo bank bertambah. | H6: Piutang Usaha
A7: 2 | B7: 46601 | C7: Kas | E7: 50000000 | F7: Kas tunai berkurang karena disetor ke bank. | H7: Piutang Karyawan
A8: 3 | B8: 46602 | C8: Bank | D8: 120000000 | F8: Dana hasil penerbitan saham masuk ke bank. | H8: Piutang Lain-lain
A9: 3 | B9: 46602 | C9: Modal Saham | E9: 120000000 | F9: Modal saham bertambah. | H9: Persediaan
A10: 4 | B10: 46603 | C10: Bank | D10: 25000000 | F10: Dana tambahan disetor masuk ke bank. | H10: Perlengkapan
A11: 4 | B11: 46603 | C11: Tambahan Modal Disetor | E11: 25000000 | F11: Tambahan modal disetor bertambah. | H11: Sewa Dibayar di Muka
A12: 5 | B12: 46604 | C12: Saldo Laba | D12: 18000000 | F12: Saldo laba dikurangi karena dipindahkan. | H12: Asuransi Dibayar di Muka
A13: 5 | B13: 46604 | C13: Laba Ditahan | E13: 18000000 | F13: Laba ditahan bertambah. | H13: Iklan Dibayar di Muka
A14: 6 | B14: 46605 | C14: Prive | D14: 3000000 | F14: Pengambilan pribadi dicatat sebagai prive. | H14: Uang Muka Pembelian
A15: 6 | B15: 46605 | C15: Kas | E15: 3000000 | F15: Kas berkurang karena diambil pemilik. | H15: Peralatan
A16: 7 | B16: 46606 | C16: Persediaan | D16: 35000000 | F16: Persediaan bertambah. | H16: Peralatan Kantor
A17: 7 | B17: 46606 | C17: Utang Usaha | E17: 35000000 | F17: Utang usaha bertambah karena pembelian kredit. | H17: Kendaraan
A18: 8 | B18: 46607 | C18: Perlengkapan | D18: 4500000 | F18: Perlengkapan bertambah. | H18: Gedung
A19: 8 | B19: 46607 | C19: Kas | E19: 4500000 | F19: Kas berkurang karena pembayaran tunai. | H19: Tanah
A20: 9 | B20: 46608 | C20: Sewa Dibayar di Muka | D20: 12000000 | F20: Manfaat sewa untuk periode berikutnya dicatat sebagai aset. | H20: Akumulasi Penyusutan Peralatan
A21: 9 | B21: 46608 | C21: Bank | E21: 12000000 | F21: Bank berkurang karena pembayaran sewa. | H21: Akumulasi Penyusutan Kendaraan
A22: 10 | B22: 46609 | C22: Asuransi Dibayar di Muka | D22: 6000000 | F22: Premi asuransi yang manfaatnya belum habis dicatat sebagai aset. | H22: Akumulasi Penyusutan Gedung
A23: 10 | B23: 46609 | C23: Bank | E23: 6000000 | F23: Bank berkurang karena pembayaran premi. | H23: Utang Usaha
A24: 11 | B24: 46610 | C24: Iklan Dibayar di Muka | D24: 7500000 | F24: Biaya iklan yang belum menjadi beban dicatat sebagai aset. | H24: Utang Gaji
A25: 11 | B25: 46610 | C25: Bank | E25: 7500000 | F25: Bank berkurang karena pembayaran iklan. | H25: Utang Pajak
A26: 12 | B26: 46611 | C26: Uang Muka Pembelian | D26: 10000000 | F26: Uang muka kepada pemasok dicatat sebagai aset. | H26: Utang PPh 21
A27: 12 | B27: 46611 | C27: Bank | E27: 10000000 | F27: Bank berkurang karena membayar uang muka. | H27: Utang PPN
A28: 13 | B28: 46612 | C28: Peralatan | D28: 22000000 | F28: Peralatan bertambah. | H28: Utang BPJS
A29: 13 | B29: 46612 | C29: Utang Jangka Pendek | E29: 22000000 | F29: Kewajiban jangka pendek bertambah. | H29: Utang Sewa
A30: 14 | B30: 46613 | C30: Peralatan Kantor | D30: 15000000 | F30: Peralatan kantor bertambah. | H30: Utang Bunga
A31: 14 | B31: 46613 | C31: Utang Usaha | E31: 15000000 | F31: Utang usaha bertambah karena pembelian kredit. | H31: Utang Bank
A32: 15 | B32: 46614 | C32: Kendaraan | D32: 180000000 | F32: Kendaraan operasional bertambah. | H32: Utang Jangka Pendek
A33: 15 | B33: 46614 | C33: Utang Bank | E33: 180000000 | F33: Utang kepada bank bertambah. | H33: Utang Jangka Panjang
A34: 16 | B34: 46615 | C34: Gedung | D34: 350000000 | F34: Gedung bertambah sebagai aset tetap. | H34: Pendapatan Diterima di Muka
A35: 16 | B35: 46615 | C35: Utang Jangka Panjang | E35: 350000000 | F35: Kewajiban jangka panjang bertambah. | H35: Modal
A36: 17 | B36: 46616 | C36: Tanah | D36: 220000000 | F36: Tanah bertambah sebagai aset perusahaan. | H36: Modal Saham
A37: 17 | B37: 46616 | C37: Utang Bank | E37: 220000000 | F37: Utang bank bertambah karena pembelian tanah dibiayai pinjaman bank. | H37: Tambahan Modal Disetor
A38: 18 | B38: 46617 | C38: Kas | D38: 14000000 | F38: Kas bertambah karena menerima pembayaran jasa. | H38: Laba Ditahan
A39: 18 | B39: 46617 | C39: Pendapatan Jasa | E39: 14000000 | F39: Pendapatan jasa bertambah. | H39: Prive
A40: 19 | B40: 46618 | C40: Piutang Usaha | D40: 28000000 | F40: Piutang usaha bertambah karena penjualan kredit. | H40: Saldo Laba
A41: 19 | B41: 46618 | C41: Pendapatan Penjualan | E41: 28000000 | F41: Pendapatan penjualan bertambah. | H41: Pendapatan Jasa
A42: 20 | B42: 46619 | C42: Bank | D42: 16000000 | F42: Bank bertambah karena menerima uang muka. | H42: Pendapatan Penjualan
A43: 20 | B43: 46619 | C43: Pendapatan Diterima di Muka | E43: 16000000 | F43: Kewajiban bertambah karena jasa belum diselesaikan. | H43: Pendapatan Lain-lain
A44: 21 | B44: 46620 | C44: Kas | D44: 5500000 | F44: Kas bertambah karena menerima komisi. | H44: Pendapatan Bunga
A45: 21 | B45: 46620 | C45: Pendapatan Komisi | E45: 5500000 | F45: Pendapatan komisi bertambah. | H45: Pendapatan Sewa
A46: 22 | B46: 46621 | C46: Bank | D46: 9000000 | F46: Bank bertambah karena menerima pendapatan sewa. | H46: Pendapatan Komisi
A47: 22 | B47: 46621 | C47: Pendapatan Sewa | E47: 9000000 | F47: Pendapatan sewa bertambah. | H47: Pendapatan Administrasi
A48: 23 | B48: 46622 | C48: Bank | D48: 1200000 | F48: Bank bertambah karena bunga diterima. | H48: Beban Gaji
A49: 23 | B49: 46622 | C49: Pendapatan Bunga | E49: 1200000 | F49: Pendapatan bunga bertambah. | H49: Beban Upah
A50: 24 | B50: 46623 | C50: Kas | D50: 2750000 | F50: Kas bertambah karena menerima pendapatan administrasi. | H50: Beban Sewa
A51: 24 | B51: 46623 | C51: Pendapatan Administrasi | E51: 2750000 | F51: Pendapatan administrasi bertambah. | H51: Beban Listrik
A52: 25 | B52: 46624 | C52: Piutang Lain-lain | D52: 3400000 | F52: Piutang lain-lain bertambah karena klaim belum diterima. | H52: Beban Air
A53: 25 | B53: 46624 | C53: Pendapatan Lain-lain | E53: 3400000 | F53: Pendapatan lain-lain diakui. | H53: Beban Telepon
A54: 26 | B54: 46625 | C54: Beban Upah | D54: 4200000 | F54: Beban upah bertambah. | H54: Beban Internet
A55: 26 | B55: 46625 | C55: Kas | E55: 4200000 | F55: Kas berkurang karena membayar upah. | H55: Beban Perlengkapan
A56: 27 | B56: 46626 | C56: Piutang Karyawan | D56: 2500000 | F56: Piutang karyawan bertambah. | H56: Beban Penyusutan Peralatan
A57: 27 | B57: 46626 | C57: Kas | E57: 2500000 | F57: Kas berkurang karena memberikan pinjaman. | H57: Beban Transportasi
A58: 28 | B58: 46627 | C58: Beban Gaji | D58: 12000000 | F58: Beban gaji bertambah. | H58: Beban Bensin
A59: 28 | B59: 46627 | C59: Utang Gaji | E59: 12000000 | F59: Utang gaji bertambah karena gaji belum dibayar. | H59: Beban Iklan
A60: 29 | B60: 46628 | C60: Utang Gaji | D60: 1100000 | F60: Sebagian utang gaji dipotong untuk PPh 21. | H60: Beban Administrasi
A61: 29 | B61: 46628 | C61: Utang PPh 21 | E61: 1100000 | F61: Utang PPh 21 bertambah dan wajib disetor. | H61: Beban ATK
A62: 30 | B62: 46629 | C62: Utang Gaji | D62: 800000 | F62: Sebagian utang gaji dipotong untuk BPJS. | H62: Beban Pemeliharaan
A63: 30 | B63: 46629 | C63: Utang BPJS | E63: 800000 | F63: Utang BPJS bertambah dan wajib disetor. | H63: Beban Bunga
A64: 31 | B64: 46630 | C64: Beban Pajak | D64: 2000000 | F64: Beban pajak bertambah. | H64: Beban Pajak
A65: 31 | B65: 46630 | C65: Utang Pajak | E65: 2000000 | F65: Utang pajak bertambah karena belum dibayar. | H65: Beban Asuransi
A66: 32 | B66: 46631 | C66: Piutang Usaha | D66: 3080000 | F66: Pelanggan masih harus membayar PPN yang ditagihkan. | H66: Beban Konsumsi
A67: 32 | B67: 46631 | C67: Utang PPN | E67: 3080000 | F67: Utang PPN bertambah dan harus disetor. | H67: Beban Lain-lain
A68: 33 | B68: 46632 | C68: Beban Sewa | D68: 4000000 | F68: Beban sewa bertambah.
A69: 33 | B69: 46632 | C69: Utang Sewa | E69: 4000000 | F69: Utang sewa bertambah karena belum dibayar.
A70: 34 | B70: 46633 | C70: Bank | D70: 8000000 | F70: Bank bertambah karena menerima pelunasan piutang.
A71: 34 | B71: 46633 | C71: Piutang Usaha | E71: 8000000 | F71: Piutang usaha berkurang karena pelanggan membayar.
A72: 35 | B72: 46634 | C72: Utang Usaha | D72: 7000000 | F72: Utang usaha berkurang karena dibayar.
A73: 35 | B73: 46634 | C73: Bank | E73: 7000000 | F73: Bank berkurang karena pembayaran utang.
A74: 36 | B74: 46635 | C74: Kas | D74: 1000000 | F74: Kas bertambah karena piutang lain-lain dibayar.
A75: 36 | B75: 46635 | C75: Piutang Lain-lain | E75: 1000000 | F75: Piutang lain-lain berkurang karena dilunasi.
A76: 37 | B76: 46636 | C76: Bank | D76: 2000000 | F76: Bank bertambah karena menerima pengembalian uang muka.
A77: 37 | B77: 46636 | C77: Uang Muka Pembelian | E77: 2000000 | F77: Uang muka pembelian berkurang.
A78: 38 | B78: 46637 | C78: Utang Jangka Pendek | D78: 5000000 | F78: Utang jangka pendek berkurang karena dibayar.
A79: 38 | B79: 46637 | C79: Bank | E79: 5000000 | F79: Bank berkurang karena membayar utang.
A80: 39 | B80: 46638 | C80: Utang Bank | D80: 6000000 | F80: Utang bank berkurang karena cicilan pokok dibayar.
A81: 39 | B81: 46638 | C81: Bank | E81: 6000000 | F81: Bank berkurang karena pembayaran utang bank.
A82: 40 | B82: 46639 | C82: Beban Listrik | D82: 1750000 | F82: Beban listrik bertambah.
A83: 40 | B83: 46639 | C83: Utang Usaha | E83: 1750000 | F83: Utang usaha bertambah karena tagihan belum dibayar.
A84: 41 | B84: 46640 | C84: Beban Air | D84: 450000 | F84: Beban air bertambah.
A85: 41 | B85: 46640 | C85: Kas | E85: 450000 | F85: Kas berkurang karena pembayaran tagihan air.
A86: 42 | B86: 46641 | C86: Beban Telepon | D86: 650000 | F86: Beban telepon bertambah.
A87: 42 | B87: 46641 | C87: Bank | E87: 650000 | F87: Bank berkurang karena pembayaran telepon.
A88: 43 | B88: 46642 | C88: Beban Internet | D88: 900000 | F88: Beban internet bertambah.
A89: 43 | B89: 46642 | C89: Bank | E89: 900000 | F89: Bank berkurang karena pembayaran internet.
A90: 44 | B90: 46643 | C90: Beban Transportasi | D90: 1150000 | F90: Beban transportasi bertambah.
A91: 44 | B91: 46643 | C91: Kas | E91: 1150000 | F91: Kas berkurang karena pembayaran transportasi.
A92: 45 | B92: 46644 | C92: Beban Bensin | D92: 1000000 | F92: Beban bensin bertambah.
A93: 45 | B93: 46644 | C93: Kas | E93: 1000000 | F93: Kas berkurang karena membeli bensin.
A94: 46 | B94: 46645 | C94: Beban Administrasi | D94: 300000 | F94: Beban administrasi bertambah.
A95: 46 | B95: 46645 | C95: Bank | E95: 300000 | F95: Bank berkurang karena biaya administrasi.
A96: 47 | B96: 46646 | C96: Beban ATK | D96: 550000 | F96: Beban ATK bertambah.
A97: 47 | B97: 46646 | C97: Kas | E97: 550000 | F97: Kas berkurang karena pembelian ATK.
A98: 48 | B98: 46647 | C98: Beban Pemeliharaan | D98: 2300000 | F98: Beban pemeliharaan bertambah.
A99: 48 | B99: 46647 | C99: Utang Usaha | E99: 2300000 | F99: Utang usaha bertambah karena tagihan belum dibayar.
A100: 49 | B100: 46648 | C100: Beban Bunga | D100: 2100000 | F100: Beban bunga bertambah.
...

Sheet Buku_Besar
A1: BUKU BESAR RINGKAS - OTOMATIS, FUNGSI BUKU BESAR MENGELOMPOKKAN TRANSAKSI BERDASARKAN AKUN.
E2: ambil dari JU, total debit kredit | G2: Ambil Dari Penyesuaian | I2: 8 | J2: 9 | K2: Ambil Dari Jurnal Penutup | M2: 12 | N2: 13
A3: Kode Akun | B3: Nama Akun | C3: Kategori | D3: Saldo Normal | E3: Debit JU | F3: Kredit JU | G3: Debit Penyesuaian | H3: Kredit Penyesuaian | I3: Saldo Debit | J3: Saldo Kredit | K3: Debit Penutup | L3: Kredit Penutup | M3: Saldo Debit Akhir | N3: Saldo Kredit Akhir
A4: 1-001 | B4: Kas | C4: Aset | D4: Debit | E4: =SUMIF(jurnal[Akun],buku_besar[[#This Row],[Nama Akun]],jurnal[Debit (Rp)]) -> 103250000 | F4: =SUMIF(jurnal[Akun],buku_besar[[#This Row],[Nama Akun]],jurnal[Kredit (Rp)]) -> 68100000 | G4: =SUMIF(jurnal_penyesuaian[Akun],buku_besar[[#This Row],[Nama Akun]],jurnal_penyesuaian[Debit (Rp)]) -> 0 | H4: =SUMIF(jurnal_penyesuaian[Akun],buku_besar[[#This Row],[Nama Akun]],jurnal_penyesuaian[Kredit (Rp)]) -> 0 | I4: =MAX(0,(buku_besar[[#This Row],[Debit JU]]+buku_besar[[#This Row],[Debit Penyesuaian]]-buku_besar[[#This Row],[Kredit JU]]-buku_besar[[#This Row],[Kredit Penyesuaian]])) -> 35150000 | J4: =MAX(0,(buku_besar[[#This Row],[Kredit JU]]+buku_besar[[#This Row],[Kredit Penyesuaian]]-buku_besar[[#This Row],[Debit JU]]-buku_besar[[#This Row],[Debit Penyesuaian]])) -> 0 | K4: =MAX(0,(SUMIF(jurnal_penutup[Akun],buku_besar[[#This Row],[Nama Akun]],jurnal_penutup[Debit (Rp)]))) -> 0 | L4: =MAX(0,(SUMIF(jurnal_penutup[Akun],buku_besar[[#This Row],[Nama Akun]],jurnal_penutup[Kredit (Rp)]))) -> 0 | M4: =MAX(0,(buku_besar[[#This Row],[Debit JU]]+buku_besar[[#This Row],[Debit Penyesuaian]]+buku_besar[[#This Row],[Debit Penutup]])-(buku_besar[[#This Row],[Kredit JU]]+buku_besar[[#This Row],[Kredit Penyesuaian]]+buku_besar[[#This Row],[Kredit Penutup]])) -> 35150000 | N4: =MAX(0,(buku_besar[[#This Row],[Kredit JU]]+buku_besar[[#This Row],[Kredit Penyesuaian]]+buku_besar[[#This Row],[Kredit Penutup]])-(buku_besar[[#This Row],[Debit JU]]+buku_besar[[#This Row],[Debit Penyesuaian]]+buku_besar[[#This Row],[Debit Penutup]])) -> 0
A5: 1-002 | B5: Bank | C5: Aset | D5: Debit | E5: =SUMIF(jurnal[Akun],buku_besar[[#This Row],[Nama Akun]],jurnal[Debit (Rp)]) -> 231200000 | F5: =SUMIF(jurnal[Akun],buku_besar[[#This Row],[Nama Akun]],jurnal[Kredit (Rp)]) -> 55350000 | G5: =SUMIF(jurnal_penyesuaian[Akun],buku_besar[[#This Row],[Nama Akun]],jurnal_penyesuaian[Debit (Rp)]) -> 0 | H5: =SUMIF(jurnal_penyesuaian[Akun],buku_besar[[#This Row],[Nama Akun]],jurnal_penyesuaian[Kredit (Rp)]) -> 0 | I5: =MAX(0,(buku_besar[[#This Row],[Debit JU]]+buku_besar[[#This Row],[Debit Penyesuaian]]-buku_besar[[#This Row],[Kredit JU]]-buku_besar[[#This Row],[Kredit Penyesuaian]])) -> 175850000 | J5: =MAX(0,(buku_besar[[#This Row],[Kredit JU]]+buku_besar[[#This Row],[Kredit Penyesuaian]]-buku_besar[[#This Row],[Debit JU]]-buku_besar[[#This Row],[Debit Penyesuaian]])) -> 0 | K5: =MAX(0,(SUMIF(jurnal_penutup[Akun],buku_besar[[#This Row],[Nama Akun]],jurnal_penutup[Debit (Rp)]))) -> 0 | L5: =MAX(0,(SUMIF(jurnal_penutup[Akun],buku_besar[[#This Row],[Nama Akun]],jurnal_penutup[Kredit (Rp)]))) -> 0 | M5: =MAX(0,(buku_besar[[#This Row],[Debit JU]]+buku_besar[[#This Row],[Debit Penyesuaian]]+buku_besar[[#This Row],[Debit Penutup]])-(buku_besar[[#This Row],[Kredit JU]]+buku_besar[[#This Row],[Kredit Penyesuaian]]+buku_besar[[#This Row],[Kredit Penutup]])) -> 175850000 | N5: =MAX(0,(buku_besar[[#This Row],[Kredit JU]]+buku_besar[[#This Row],[Kredit Penyesuaian]]+buku_besar[[#This Row],[Kredit Penutup]])-(buku_besar[[#This Row],[Debit JU]]+buku_besar[[#This Row],[Debit Penyesuaian]]+buku_besar[[#This Row],[Debit Penutup]])) -> 0
A6: 1-003 | B6: Piutang Usaha | C6: Aset | D6: Debit | E6: =SUMIF(jurnal[Akun],buku_besar[[#This Row],[Nama Akun]],jurnal[Debit (Rp)]) -> 31080000 | F6: =SUMIF(jurnal[Akun],buku_besar[[#This Row],[Nama Akun]],jurnal[Kredit (Rp)]) -> 8000000 | G6: =SUMIF(jurnal_penyesuaian[Akun],buku_besar[[#This Row],[Nama Akun]],jurnal_penyesuaian[Debit (Rp)]) -> 0 | H6: =SUMIF(jurnal_penyesuaian[Akun],buku_besar[[#This Row],[Nama Akun]],jurnal_penyesuaian[Kredit (Rp)]) -> 0 | I6: =MAX(0,(buku_besar[[#This Row],[Debit JU]]+buku_besar[[#This Row],[Debit Penyesuaian]]-buku_besar[[#This Row],[Kredit JU]]-buku_besar[[#This Row],[Kredit Penyesuaian]])) -> 23080000 | J6: =MAX(0,(buku_besar[[#This Row],[Kredit JU]]+buku_besar[[#This Row],[Kredit Penyesuaian]]-buku_besar[[#This Row],[Debit JU]]-buku_besar[[#This Row],[Debit Penyesuaian]])) -> 0 | K6: =MAX(0,(SUMIF(jurnal_penutup[Akun],buku_besar[[#This Row],[Nama Akun]],jurnal_penutup[Debit (Rp)]))) -> 0 | L6: =MAX(0,(SUMIF(jurnal_penutup[Akun],buku_besar[[#This Row],[Nama Akun]],jurnal_penutup[Kredit (Rp)]))) -> 0 | M6: =MAX(0,(buku_besar[[#This Row],[Debit JU]]+buku_besar[[#This Row],[Debit Penyesuaian]]+buku_besar[[#This Row],[Debit Penutup]])-(buku_besar[[#This Row],[Kredit JU]]+buku_besar[[#This Row],[Kredit Penyesuaian]]+buku_besar[[#This Row],[Kredit Penutup]])) -> 23080000 | N6: =MAX(0,(buku_besar[[#This Row],[Kredit JU]]+buku_besar[[#This Row],[Kredit Penyesuaian]]+buku_besar[[#This Row],[Kredit Penutup]])-(buku_besar[[#This Row],[Debit JU]]+buku_besar[[#This Row],[Debit Penyesuaian]]+buku_besar[[#This Row],[Debit Penutup]])) -> 0
A7: 1-004 | B7: Piutang Karyawan | C7: Aset | D7: Debit | E7: =SUMIF(jurnal[Akun],buku_besar[[#This Row],[Nama Akun]],jurnal[Debit (Rp)]) -> 2500000 | F7: =SUMIF(jurnal[Akun],buku_besar[[#This Row],[Nama Akun]],jurnal[Kredit (Rp)]) -> 0 | G7: =SUMIF(jurnal_penyesuaian[Akun],buku_besar[[#This Row],[Nama Akun]],jurnal_penyesuaian[Debit (Rp)]) -> 0 | H7: =SUMIF(jurnal_penyesuaian[Akun],buku_besar[[#This Row],[Nama Akun]],jurnal_penyesuaian[Kredit (Rp)]) -> 0 | I7: =MAX(0,(buku_besar[[#This Row],[Debit JU]]+buku_besar[[#This Row],[Debit Penyesuaian]]-buku_besar[[#This Row],[Kredit JU]]-buku_besar[[#This Row],[Kredit Penyesuaian]])) -> 2500000 | J7: =MAX(0,(buku_besar[[#This Row],[Kredit JU]]+buku_besar[[#This Row],[Kredit Penyesuaian]]-buku_besar[[#This Row],[Debit JU]]-buku_besar[[#This Row],[Debit Penyesuaian]])) -> 0 | K7: =MAX(0,(SUMIF(jurnal_penutup[Akun],buku_besar[[#This Row],[Nama Akun]],jurnal_penutup[Debit (Rp)]))) -> 0 | L7: =MAX(0,(SUMIF(jurnal_penutup[Akun],buku_besar[[#This Row],[Nama Akun]],jurnal_penutup[Kredit (Rp)]))) -> 0 | M7: =MAX(0,(buku_besar[[#This Row],[Debit JU]]+buku_besar[[#This Row],[Debit Penyesuaian]]+buku_besar[[#This Row],[Debit Penutup]])-(buku_besar[[#This Row],[Kredit JU]]+buku_besar[[#This Row],[Kredit Penyesuaian]]+buku_besar[[#This Row],[Kredit Penutup]])) -> 2500000 | N7: =MAX(0,(buku_besar[[#This Row],[Kredit JU]]+buku_besar[[#This Row],[Kredit Penyesuaian]]+buku_besar[[#This Row],[Kredit Penutup]])-(buku_besar[[#This Row],[Debit JU]]+buku_besar[[#This Row],[Debit Penyesuaian]]+buku_besar[[#This Row],[Debit Penutup]])) -> 0
A8: 1-005 | B8: Piutang Lain-lain | C8: Aset | D8: Debit | E8: =SUMIF(jurnal[Akun],buku_besar[[#This Row],[Nama Akun]],jurnal[Debit (Rp)]) -> 3400000 | F8: =SUMIF(jurnal[Akun],buku_besar[[#This Row],[Nama Akun]],jurnal[Kredit (Rp)]) -> 1000000 | G8: =SUMIF(jurnal_penyesuaian[Akun],buku_besar[[#This Row],[Nama Akun]],jurnal_penyesuaian[Debit (Rp)]) -> 0 | H8: =SUMIF(jurnal_penyesuaian[Akun],buku_besar[[#This Row],[Nama Akun]],jurnal_penyesuaian[Kredit (Rp)]) -> 0 | I8: =MAX(0,(buku_besar[[#This Row],[Debit JU]]+buku_besar[[#This Row],[Debit Penyesuaian]]-buku_besar[[#This Row],[Kredit JU]]-buku_besar[[#This Row],[Kredit Penyesuaian]])) -> 2400000 | J8: =MAX(0,(buku_besar[[#This Row],[Kredit JU]]+buku_besar[[#This Row],[Kredit Penyesuaian]]-buku_besar[[#This Row],[Debit JU]]-buku_besar[[#This Row],[Debit Penyesuaian]])) -> 0 | K8: =MAX(0,(SUMIF(jurnal_penutup[Akun],buku_besar[[#This Row],[Nama Akun]],jurnal_penutup[Debit (Rp)]))) -> 0 | L8: =MAX(0,(SUMIF(jurnal_penutup[Akun],buku_besar[[#This Row],[Nama Akun]],jurnal_penutup[Kredit (Rp)]))) -> 0 | M8: =MAX(0,(buku_besar[[#This Row],[Debit JU]]+buku_besar[[#This Row],[Debit Penyesuaian]]+buku_besar[[#This Row],[Debit Penutup]])-(buku_besar[[#This Row],[Kredit JU]]+buku_besar[[#This Row],[Kredit Penyesuaian]]+buku_besar[[#This Row],[Kredit Penutup]])) -> 2400000 | N8: =MAX(0,(buku_besar[[#This Row],[Kredit JU]]+buku_besar[[#This Row],[Kredit Penyesuaian]]+buku_besar[[#This Row],[Kredit Penutup]])-(buku_besar[[#This Row],[Debit JU]]+buku_besar[[#This Row],[Debit Penyesuaian]]+buku_besar[[#This Row],[Debit Penutup]])) -> 0
A9: 1-006 | B9: Persediaan | C9: Aset | D9: Debit | E9: =SUMIF(jurnal[Akun],buku_besar[[#This Row],[Nama Akun]],jurnal[Debit (Rp)]) -> 35000000 | F9: =SUMIF(jurnal[Akun],buku_besar[[#This Row],[Nama Akun]],jurnal[Kredit (Rp)]) -> 0 | G9: =SUMIF(jurnal_penyesuaian[Akun],buku_besar[[#This Row],[Nama Akun]],jurnal_penyesuaian[Debit (Rp)]) -> 0 | H9: =SUMIF(jurnal_penyesuaian[Akun],buku_besar[[#This Row],[Nama Akun]],jurnal_penyesuaian[Kredit (Rp)]) -> 0 | I9: =MAX(0,(buku_besar[[#This Row],[Debit JU]]+buku_besar[[#This Row],[Debit Penyesuaian]]-buku_besar[[#This Row],[Kredit JU]]-buku_besar[[#This Row],[Kredit Penyesuaian]])) -> 35000000 | J9: =MAX(0,(buku_besar[[#This Row],[Kredit JU]]+buku_besar[[#This Row],[Kredit Penyesuaian]]-buku_besar[[#This Row],[Debit JU]]-buku_besar[[#This Row],[Debit Penyesuaian]])) -> 0 | K9: =MAX(0,(SUMIF(jurnal_penutup[Akun],buku_besar[[#This Row],[Nama Akun]],jurnal_penutup[Debit (Rp)]))) -> 0 | L9: =MAX(0,(SUMIF(jurnal_penutup[Akun],buku_besar[[#This Row],[Nama Akun]],jurnal_penutup[Kredit (Rp)]))) -> 0 | M9: =MAX(0,(buku_besar[[#This Row],[Debit JU]]+buku_besar[[#This Row],[Debit Penyesuaian]]+buku_besar[[#This Row],[Debit Penutup]])-(buku_besar[[#This Row],[Kredit JU]]+buku_besar[[#This Row],[Kredit Penyesuaian]]+buku_besar[[#This Row],[Kredit Penutup]])) -> 35000000 | N9: =MAX(0,(buku_besar[[#This Row],[Kredit JU]]+buku_besar[[#This Row],[Kredit Penyesuaian]]+buku_besar[[#This Row],[Kredit Penutup]])-(buku_besar[[#This Row],[Debit JU]]+buku_besar[[#This Row],[Debit Penyesuaian]]+buku_besar[[#This Row],[Debit Penutup]])) -> 0
A10: 1-007 | B10: Perlengkapan | C10: Aset | D10: Debit | E10: =SUMIF(jurnal[Akun],buku_besar[[#This Row],[Nama Akun]],jurnal[Debit (Rp)]) -> 4500000 | F10: =SUMIF(jurnal[Akun],buku_besar[[#This Row],[Nama Akun]],jurnal[Kredit (Rp)]) -> 0 | G10: =SUMIF(jurnal_penyesuaian[Akun],buku_besar[[#This Row],[Nama Akun]],jurnal_penyesuaian[Debit (Rp)]) -> 0 | H10: =SUMIF(jurnal_penyesuaian[Akun],buku_besar[[#This Row],[Nama Akun]],jurnal_penyesuaian[Kredit (Rp)]) -> 2000000 | I10: =MAX(0,(buku_besar[[#This Row],[Debit JU]]+buku_besar[[#This Row],[Debit Penyesuaian]]-buku_besar[[#This Row],[Kredit JU]]-buku_besar[[#This Row],[Kredit Penyesuaian]])) -> 2500000 | J10: =MAX(0,(buku_besar[[#This Row],[Kredit JU]]+buku_besar[[#This Row],[Kredit Penyesuaian]]-buku_besar[[#This Row],[Debit JU]]-buku_besar[[#This Row],[Debit Penyesuaian]])) -> 0 | K10: =MAX(0,(SUMIF(jurnal_penutup[Akun],buku_besar[[#This Row],[Nama Akun]],jurnal_penutup[Debit (Rp)]))) -> 0 | L10: =MAX(0,(SUMIF(jurnal_penutup[Akun],buku_besar[[#This Row],[Nama Akun]],jurnal_penutup[Kredit (Rp)]))) -> 0 | M10: =MAX(0,(buku_besar[[#This Row],[Debit JU]]+buku_besar[[#This Row],[Debit Penyesuaian]]+buku_besar[[#This Row],[Debit Penutup]])-(buku_besar[[#This Row],[Kredit JU]]+buku_besar[[#This Row],[Kredit Penyesuaian]]+buku_besar[[#This Row],[Kredit Penutup]])) -> 2500000 | N10: =MAX(0,(buku_besar[[#This Row],[Kredit JU]]+buku_besar[[#This Row],[Kredit Penyesuaian]]+buku_besar[[#This Row],[Kredit Penutup]])-(buku_besar[[#This Row],[Debit JU]]+buku_besar[[#This Row],[Debit Penyesuaian]]+buku_besar[[#This Row],[Debit Penutup]])) -> 0
A11: 1-008 | B11: Sewa Dibayar di Muka | C11: Aset | D11: Debit | E11: =SUMIF(jurnal[Akun],buku_besar[[#This Row],[Nama Akun]],jurnal[Debit (Rp)]) -> 12000000 | F11: =SUMIF(jurnal[Akun],buku_besar[[#This Row],[Nama Akun]],jurnal[Kredit (Rp)]) -> 0 | G11: =SUMIF(jurnal_penyesuaian[Akun],buku_besar[[#This Row],[Nama Akun]],jurnal_penyesuaian[Debit (Rp)]) -> 0 | H11: =SUMIF(jurnal_penyesuaian[Akun],buku_besar[[#This Row],[Nama Akun]],jurnal_penyesuaian[Kredit (Rp)]) -> 4000000 | I11: =MAX(0,(buku_besar[[#This Row],[Debit JU]]+buku_besar[[#This Row],[Debit Penyesuaian]]-buku_besar[[#This Row],[Kredit JU]]-buku_besar[[#This Row],[Kredit Penyesuaian]])) -> 8000000 | J11: =MAX(0,(buku_besar[[#This Row],[Kredit JU]]+buku_besar[[#This Row],[Kredit Penyesuaian]]-buku_besar[[#This Row],[Debit JU]]-buku_besar[[#This Row],[Debit Penyesuaian]])) -> 0 | K11: =MAX(0,(SUMIF(jurnal_penutup[Akun],buku_besar[[#This Row],[Nama Akun]],jurnal_penutup[Debit (Rp)]))) -> 0 | L11: =MAX(0,(SUMIF(jurnal_penutup[Akun],buku_besar[[#This Row],[Nama Akun]],jurnal_penutup[Kredit (Rp)]))) -> 0 | M11: =MAX(0,(buku_besar[[#This Row],[Debit JU]]+buku_besar[[#This Row],[Debit Penyesuaian]]+buku_besar[[#This Row],[Debit Penutup]])-(buku_besar[[#This Row],[Kredit JU]]+buku_besar[[#This Row],[Kredit Penyesuaian]]+buku_besar[[#This Row],[Kredit Penutup]])) -> 8000000 | N11: =MAX(0,(buku_besar[[#This Row],[Kredit JU]]+buku_besar[[#This Row],[Kredit Penyesuaian]]+buku_besar[[#This Row],[Kredit Penutup]])-(buku_besar[[#This Row],[Debit JU]]+buku_besar[[#This Row],[Debit Penyesuaian]]+buku_besar[[#This Row],[Debit Penutup]])) -> 0
A12: 1-009 | B12: Asuransi Dibayar di Muka | C12: Aset | D12: Debit | E12: =SUMIF(jurnal[Akun],buku_besar[[#This Row],[Nama Akun]],jurnal[Debit (Rp)]) -> 6000000 | F12: =SUMIF(jurnal[Akun],buku_besar[[#This Row],[Nama Akun]],jurnal[Kredit (Rp)]) -> 0 | G12: =SUMIF(jurnal_penyesuaian[Akun],buku_besar[[#This Row],[Nama Akun]],jurnal_penyesuaian[Debit (Rp)]) -> 0 | H12: =SUMIF(jurnal_penyesuaian[Akun],buku_besar[[#This Row],[Nama Akun]],jurnal_penyesuaian[Kredit (Rp)]) -> 1000000 | I12: =MAX(0,(buku_besar[[#This Row],[Debit JU]]+buku_besar[[#This Row],[Debit Penyesuaian]]-buku_besar[[#This Row],[Kredit JU]]-buku_besar[[#This Row],[Kredit Penyesuaian]])) -> 5000000 | J12: =MAX(0,(buku_besar[[#This Row],[Kredit JU]]+buku_besar[[#This Row],[Kredit Penyesuaian]]-buku_besar[[#This Row],[Debit JU]]-buku_besar[[#This Row],[Debit Penyesuaian]])) -> 0 | K12: =MAX(0,(SUMIF(jurnal_penutup[Akun],buku_besar[[#This Row],[Nama Akun]],jurnal_penutup[Debit (Rp)]))) -> 0 | L12: =MAX(0,(SUMIF(jurnal_penutup[Akun],buku_besar[[#This Row],[Nama Akun]],jurnal_penutup[Kredit (Rp)]))) -> 0 | M12: =MAX(0,(buku_besar[[#This Row],[Debit JU]]+buku_besar[[#This Row],[Debit Penyesuaian]]+buku_besar[[#This Row],[Debit Penutup]])-(buku_besar[[#This Row],[Kredit JU]]+buku_besar[[#This Row],[Kredit Penyesuaian]]+buku_besar[[#This Row],[Kredit Penutup]])) -> 5000000 | N12: =MAX(0,(buku_besar[[#This Row],[Kredit JU]]+buku_besar[[#This Row],[Kredit Penyesuaian]]+buku_besar[[#This Row],[Kredit Penutup]])-(buku_besar[[#This Row],[Debit JU]]+buku_besar[[#This Row],[Debit Penyesuaian]]+buku_besar[[#This Row],[Debit Penutup]])) -> 0
A13: 1-010 | B13: Iklan Dibayar di Muka | C13: Aset | D13: Debit | E13: =SUMIF(jurnal[Akun],buku_besar[[#This Row],[Nama Akun]],jurnal[Debit (Rp)]) -> 7500000 | F13: =SUMIF(jurnal[Akun],buku_besar[[#This Row],[Nama Akun]],jurnal[Kredit (Rp)]) -> 0 | G13: =SUMIF(jurnal_penyesuaian[Akun],buku_besar[[#This Row],[Nama Akun]],jurnal_penyesuaian[Debit (Rp)]) -> 0 | H13: =SUMIF(jurnal_penyesuaian[Akun],buku_besar[[#This Row],[Nama Akun]],jurnal_penyesuaian[Kredit (Rp)]) -> 1500000 | I13: =MAX(0,(buku_besar[[#This Row],[Debit JU]]+buku_besar[[#This Row],[Debit Penyesuaian]]-buku_besar[[#This Row],[Kredit JU]]-buku_besar[[#This Row],[Kredit Penyesuaian]])) -> 6000000 | J13: =MAX(0,(buku_besar[[#This Row],[Kredit JU]]+buku_besar[[#This Row],[Kredit Penyesuaian]]-buku_besar[[#This Row],[Debit JU]]-buku_besar[[#This Row],[Debit Penyesuaian]])) -> 0 | K13: =MAX(0,(SUMIF(jurnal_penutup[Akun],buku_besar[[#This Row],[Nama Akun]],jurnal_penutup[Debit (Rp)]))) -> 0 | L13: =MAX(0,(SUMIF(jurnal_penutup[Akun],buku_besar[[#This Row],[Nama Akun]],jurnal_penutup[Kredit (Rp)]))) -> 0 | M13: =MAX(0,(buku_besar[[#This Row],[Debit JU]]+buku_besar[[#This Row],[Debit Penyesuaian]]+buku_besar[[#This Row],[Debit Penutup]])-(buku_besar[[#This Row],[Kredit JU]]+buku_besar[[#This Row],[Kredit Penyesuaian]]+buku_besar[[#This Row],[Kredit Penutup]])) -> 6000000 | N13: =MAX(0,(buku_besar[[#This Row],[Kredit JU]]+buku_besar[[#This Row],[Kredit Penyesuaian]]+buku_besar[[#This Row],[Kredit Penutup]])-(buku_besar[[#This Row],[Debit JU]]+buku_besar[[#This Row],[Debit Penyesuaian]]+buku_besar[[#This Row],[Debit Penutup]])) -> 0
A14: 1-011 | B14: Uang Muka Pembelian | C14: Aset | D14: Debit | E14: =SUMIF(jurnal[Akun],buku_besar[[#This Row],[Nama Akun]],jurnal[Debit (Rp)]) -> 10000000 | F14: =SUMIF(jurnal[Akun],buku_besar[[#This Row],[Nama Akun]],jurnal[Kredit (Rp)]) -> 2000000 | G14: =SUMIF(jurnal_penyesuaian[Akun],buku_besar[[#This Row],[Nama Akun]],jurnal_penyesuaian[Debit (Rp)]) -> 0 | H14: =SUMIF(jurnal_penyesuaian[Akun],buku_besar[[#This Row],[Nama Akun]],jurnal_penyesuaian[Kredit (Rp)]) -> 0 | I14: =MAX(0,(buku_besar[[#This Row],[Debit JU]]+buku_besar[[#This Row],[Debit Penyesuaian]]-buku_besar[[#This Row],[Kredit JU]]-buku_besar[[#This Row],[Kredit Penyesuaian]])) -> 8000000 | J14: =MAX(0,(buku_besar[[#This Row],[Kredit JU]]+buku_besar[[#This Row],[Kredit Penyesuaian]]-buku_besar[[#This Row],[Debit JU]]-buku_besar[[#This Row],[Debit Penyesuaian]])) -> 0 | K14: =MAX(0,(SUMIF(jurnal_penutup[Akun],buku_besar[[#This Row],[Nama Akun]],jurnal_penutup[Debit (Rp)]))) -> 0 | L14: =MAX(0,(SUMIF(jurnal_penutup[Akun],buku_besar[[#This Row],[Nama Akun]],jurnal_penutup[Kredit (Rp)]))) -> 0 | M14: =MAX(0,(buku_besar[[#This Row],[Debit JU]]+buku_besar[[#This Row],[Debit Penyesuaian]]+buku_besar[[#This Row],[Debit Penutup]])-(buku_besar[[#This Row],[Kredit JU]]+buku_besar[[#This Row],[Kredit Penyesuaian]]+buku_besar[[#This Row],[Kredit Penutup]])) -> 8000000 | N14: =MAX(0,(buku_besar[[#This Row],[Kredit JU]]+buku_besar[[#This Row],[Kredit Penyesuaian]]+buku_besar[[#This Row],[Kredit Penutup]])-(buku_besar[[#This Row],[Debit JU]]+buku_besar[[#This Row],[Debit Penyesuaian]]+buku_besar[[#This Row],[Debit Penutup]])) -> 0
A15: 1-012 | B15: Peralatan | C15: Aset | D15: Debit | E15: =SUMIF(jurnal[Akun],buku_besar[[#This Row],[Nama Akun]],jurnal[Debit (Rp)]) -> 22000000 | F15: =SUMIF(jurnal[Akun],buku_besar[[#This Row],[Nama Akun]],jurnal[Kredit (Rp)]) -> 0 | G15: =SUMIF(jurnal_penyesuaian[Akun],buku_besar[[#This Row],[Nama Akun]],jurnal_penyesuaian[Debit (Rp)]) -> 0 | H15: =SUMIF(jurnal_penyesuaian[Akun],buku_besar[[#This Row],[Nama Akun]],jurnal_penyesuaian[Kredit (Rp)]) -> 0 | I15: =MAX(0,(buku_besar[[#This Row],[Debit JU]]+buku_besar[[#This Row],[Debit Penyesuaian]]-buku_besar[[#This Row],[Kredit JU]]-buku_besar[[#This Row],[Kredit Penyesuaian]])) -> 22000000 | J15: =MAX(0,(buku_besar[[#This Row],[Kredit JU]]+buku_besar[[#This Row],[Kredit Penyesuaian]]-buku_besar[[#This Row],[Debit JU]]-buku_besar[[#This Row],[Debit Penyesuaian]])) -> 0 | K15: =MAX(0,(SUMIF(jurnal_penutup[Akun],buku_besar[[#This Row],[Nama Akun]],jurnal_penutup[Debit (Rp)]))) -> 0 | L15: =MAX(0,(SUMIF(jurnal_penutup[Akun],buku_besar[[#This Row],[Nama Akun]],jurnal_penutup[Kredit (Rp)]))) -> 0 | M15: =MAX(0,(buku_besar[[#This Row],[Debit JU]]+buku_besar[[#This Row],[Debit Penyesuaian]]+buku_besar[[#This Row],[Debit Penutup]])-(buku_besar[[#This Row],[Kredit JU]]+buku_besar[[#This Row],[Kredit Penyesuaian]]+buku_besar[[#This Row],[Kredit Penutup]])) -> 22000000 | N15: =MAX(0,(buku_besar[[#This Row],[Kredit JU]]+buku_besar[[#This Row],[Kredit Penyesuaian]]+buku_besar[[#This Row],[Kredit Penutup]])-(buku_besar[[#This Row],[Debit JU]]+buku_besar[[#This Row],[Debit Penyesuaian]]+buku_besar[[#This Row],[Debit Penutup]])) -> 0
... A67: 5-020 | B67: Beban Lain-lain | C67: Beban | D67: Debit | E67: =SUMIF(jurnal[Akun],buku_besar[[#This Row],[Nama Akun]],jurnal[Debit (Rp)]) -> 0 | F67: =SUMIF(jurnal[Akun],buku_besar[[#This Row],[Nama Akun]],jurnal[Kredit (Rp)]) -> 0 | G67: =SUMIF(jurnal_penyesuaian[Akun],buku_besar[[#This Row],[Nama Akun]],jurnal_penyesuaian[Debit (Rp)]) -> 5900000 | H67: =SUMIF(jurnal_penyesuaian[Akun],buku_besar[[#This Row],[Nama Akun]],jurnal_penyesuaian[Kredit (Rp)]) -> 0 | I67: =MAX(0,(buku_besar[[#This Row],[Debit JU]]+buku_besar[[#This Row],[Debit Penyesuaian]]-buku_besar[[#This Row],[Kredit JU]]-buku_besar[[#This Row],[Kredit Penyesuaian]])) -> 5900000 | J67: =MAX(0,(buku_besar[[#This Row],[Kredit JU]]+buku_besar[[#This Row],[Kredit Penyesuaian]]-buku_besar[[#This Row],[Debit JU]]-buku_besar[[#This Row],[Debit Penyesuaian]])) -> 0 | K67: =MAX(0,(SUMIF(jurnal_penutup[Akun],buku_besar[[#This Row],[Nama Akun]],jurnal_penutup[Debit (Rp)]))) -> 0 | L67: =MAX(0,(SUMIF(jurnal_penutup[Akun],buku_besar[[#This Row],[Nama Akun]],jurnal_penutup[Kredit (Rp)]))) -> 5900000 | M67: =MAX(0,(buku_besar[[#This Row],[Debit JU]]+buku_besar[[#This Row],[Debit Penyesuaian]]+buku_besar[[#This Row],[Debit Penutup]])-(buku_besar[[#This Row],[Kredit JU]]+buku_besar[[#This Row],[Kredit Penyesuaian]]+buku_besar[[#This Row],[Kredit Penutup]])) -> 0 | N67: =MAX(0,(buku_besar[[#This Row],[Kredit JU]]+buku_besar[[#This Row],[Kredit Penyesuaian]]+buku_besar[[#This Row],[Kredit Penutup]])-(buku_besar[[#This Row],[Debit JU]]+buku_besar[[#This Row],[Debit Penyesuaian]]+buku_besar[[#This Row],[Debit Penutup]])) -> 0
A69: TOTAL | E69: =SUM(E4:E67) -> 1308430000 | F69: =SUM(F4:F67) -> 1308430000 | G69: =SUM(G4:G67) -> 24400000 | H69: =SUM(H4:H67) -> 24400000 | I69: =SUM(I4:I67) -> 1164980000 | J69: =SUM(J4:J67) -> 1164980000 | K69: =SUM(K4:K67) -> 125350000 | L69: =SUM(L4:L67) -> 125350000 | ... N69: =SUM(N4:N67) -> 1093130000

Sheet Neraca_Saldo
A1: NERACA SALDO - SEBELUM PENYESUAIAN, FUNGSI NERACA SALDO MENGECEK SALDO SELURUH AKUN.
A3: Kode Akun | B3: Nama Akun | C3: Kategori | D3: Saldo Normal | E3: Debit (Rp) | F3: Kredit (Rp)
A4: 1-001 | B4: Kas | C4: Aset | D4: Debit | E4: =MAX(0,(SUMIF(buku_besar[Nama Akun],Table17[[#This Row],[Nama Akun]],buku_besar[Debit JU])-SUMIF(buku_besar[Nama Akun],Table17[[#This Row],[Nama Akun]],buku_besar[Kredit JU]))) -> 35150000 | F4: =MAX(0,(SUMIF(buku_besar[Nama Akun],Table17[[#This Row],[Nama Akun]],buku_besar[Kredit JU])-SUMIF(buku_besar[Nama Akun],Table17[[#This Row],[Nama Akun]],buku_besar[Debit JU]))) -> 0
A5: 1-002 | B5: Bank | C5: Aset | D5: Debit | E5: =MAX(0,(SUMIF(buku_besar[Nama Akun],Table17[[#This Row],[Nama Akun]],buku_besar[Debit JU])-SUMIF(buku_besar[Nama Akun],Table17[[#This Row],[Nama Akun]],buku_besar[Kredit JU]))) -> 175850000 | F5: =MAX(0,(SUMIF(buku_besar[Nama Akun],Table17[[#This Row],[Nama Akun]],buku_besar[Kredit JU])-SUMIF(buku_besar[Nama Akun],Table17[[#This Row],[Nama Akun]],buku_besar[Debit JU]))) -> 0
A6: 1-003 | B6: Piutang Usaha | C6: Aset | D6: Debit | E6: =MAX(0,(SUMIF(buku_besar[Nama Akun],Table17[[#This Row],[Nama Akun]],buku_besar[Debit JU])-SUMIF(buku_besar[Nama Akun],Table17[[#This Row],[Nama Akun]],buku_besar[Kredit JU]))) -> 23080000 | F6: =MAX(0,(SUMIF(buku_besar[Nama Akun],Table17[[#This Row],[Nama Akun]],buku_besar[Kredit JU])-SUMIF(buku_besar[Nama Akun],Table17[[#This Row],[Nama Akun]],buku_besar[Debit JU]))) -> 0
A7: 1-004 | B7: Piutang Karyawan | C7: Aset | D7: Debit | E7: =MAX(0,(SUMIF(buku_besar[Nama Akun],Table17[[#This Row],[Nama Akun]],buku_besar[Debit JU])-SUMIF(buku_besar[Nama Akun],Table17[[#This Row],[Nama Akun]],buku_besar[Kredit JU]))) -> 2500000 | F7: =MAX(0,(SUMIF(buku_besar[Nama Akun],Table17[[#This Row],[Nama Akun]],buku_besar[Kredit JU])-SUMIF(buku_besar[Nama Akun],Table17[[#This Row],[Nama Akun]],buku_besar[Debit JU]))) -> 0
A8: 1-005 | B8: Piutang Lain-lain | C8: Aset | D8: Debit | E8: =MAX(0,(SUMIF(buku_besar[Nama Akun],Table17[[#This Row],[Nama Akun]],buku_besar[Debit JU])-SUMIF(buku_besar[Nama Akun],Table17[[#This Row],[Nama Akun]],buku_besar[Kredit JU]))) -> 2400000 | F8: =MAX(0,(SUMIF(buku_besar[Nama Akun],Table17[[#This Row],[Nama Akun]],buku_besar[Kredit JU])-SUMIF(buku_besar[Nama Akun],Table17[[#This Row],[Nama Akun]],buku_besar[Debit JU]))) -> 0
A9: 1-006 | B9: Persediaan | C9: Aset | D9: Debit | E9: =MAX(0,(SUMIF(buku_besar[Nama Akun],Table17[[#This Row],[Nama Akun]],buku_besar[Debit JU])-SUMIF(buku_besar[Nama Akun],Table17[[#This Row],[Nama Akun]],buku_besar[Kredit JU]))) -> 35000000 | F9: =MAX(0,(SUMIF(buku_besar[Nama Akun],Table17[[#This Row],[Nama Akun]],buku_besar[Kredit JU])-SUMIF(buku_besar[Nama Akun],Table17[[#This Row],[Nama Akun]],buku_besar[Debit JU]))) -> 0
A10: 1-007 | B10: Perlengkapan | C10: Aset | D10: Debit | E10: =MAX(0,(SUMIF(buku_besar[Nama Akun],Table17[[#This Row],[Nama Akun]],buku_besar[Debit JU])-SUMIF(buku_besar[Nama Akun],Table17[[#This Row],[Nama Akun]],buku_besar[Kredit JU]))) -> 4500000 | F10: =MAX(0,(SUMIF(buku_besar[Nama Akun],Table17[[#This Row],[Nama Akun]],buku_besar[Kredit JU])-SUMIF(buku_besar[Nama Akun],Table17[[#This Row],[Nama Akun]],buku_besar[Debit JU]))) -> 0
A11: 1-008 | B11: Sewa Dibayar di Muka | C11: Aset | D11: Debit | E11: =MAX(0,(SUMIF(buku_besar[Nama Akun],Table17[[#This Row],[Nama Akun]],buku_besar[Debit JU])-SUMIF(buku_besar[Nama Akun],Table17[[#This Row],[Nama Akun]],buku_besar[Kredit JU]))) -> 12000000 | F11: =MAX(0,(SUMIF(buku_besar[Nama Akun],Table17[[#This Row],[Nama Akun]],buku_besar[Kredit JU])-SUMIF(buku_besar[Nama Akun],Table17[[#This Row],[Nama Akun]],buku_besar[Debit JU]))) -> 0
A12: 1-009 | B12: Asuransi Dibayar di Muka | C12: Aset | D12: Debit | E12: =MAX(0,(SUMIF(buku_besar[Nama Akun],Table17[[#This Row],[Nama Akun]],buku_besar[Debit JU])-SUMIF(buku_besar[Nama Akun],Table17[[#This Row],[Nama Akun]],buku_besar[Kredit JU]))) -> 6000000 | F12: =MAX(0,(SUMIF(buku_besar[Nama Akun],Table17[[#This Row],[Nama Akun]],buku_besar[Kredit JU])-SUMIF(buku_besar[Nama Akun],Table17[[#This Row],[Nama Akun]],buku_besar[Debit JU]))) -> 0
A13: 1-010 | B13: Iklan Dibayar di Muka | C13: Aset | D13: Debit | E13: =MAX(0,(SUMIF(buku_besar[Nama Akun],Table17[[#This Row],[Nama Akun]],buku_besar[Debit JU])-SUMIF(buku_besar[Nama Akun],Table17[[#This Row],[Nama Akun]],buku_besar[Kredit JU]))) -> 7500000 | F13: =MAX(0,(SUMIF(buku_besar[Nama Akun],Table17[[#This Row],[Nama Akun]],buku_besar[Kredit JU])-SUMIF(buku_besar[Nama Akun],Table17[[#This Row],[Nama Akun]],buku_besar[Debit JU]))) -> 0
A14: 1-011 | B14: Uang Muka Pembelian | C14: Aset | D14: Debit | E14: =MAX(0,(SUMIF(buku_besar[Nama Akun],Table17[[#This Row],[Nama Akun]],buku_besar[Debit JU])-SUMIF(buku_besar[Nama Akun],Table17[[#This Row],[Nama Akun]],buku_besar[Kredit JU]))) -> 8000000 | F14: =MAX(0,(SUMIF(buku_besar[Nama Akun],Table17[[#This Row],[Nama Akun]],buku_besar[Kredit JU])-SUMIF(buku_besar[Nama Akun],Table17[[#This Row],[Nama Akun]],buku_besar[Debit JU]))) -> 0
A15: 1-012 | B15: Peralatan | C15: Aset | D15: Debit | E15: =MAX(0,(SUMIF(buku_besar[Nama Akun],Table17[[#This Row],[Nama Akun]],buku_besar[Debit JU])-SUMIF(buku_besar[Nama Akun],Table17[[#This Row],[Nama Akun]],buku_besar[Kredit JU]))) -> 22000000 | F15: =MAX(0,(SUMIF(buku_besar[Nama Akun],Table17[[#This Row],[Nama Akun]],buku_besar[Kredit JU])-SUMIF(buku_besar[Nama Akun],Table17[[#This Row],[Nama Akun]],buku_besar[Debit JU]))) -> 0
... A67: 5-020 | B67: Beban Lain-lain | C67: Beban | D67: Debit | E67: =MAX(0,(SUMIF(buku_besar[Nama Akun],Table17[[#This Row],[Nama Akun]],buku_besar[Debit JU])-SUMIF(buku_besar[Nama Akun],Table17[[#This Row],[Nama Akun]],buku_besar[Kredit JU]))) -> 0 | F67: =MAX(0,(SUMIF(buku_besar[Nama Akun],Table17[[#This Row],[Nama Akun]],buku_besar[Kredit JU])-SUMIF(buku_besar[Nama Akun],Table17[[#This Row],[Nama Akun]],buku_besar[Debit JU]))) -> 0
A69: TOTAL | E69: =SUM(E4:E67) -> 1154080000 | F69: =SUM(F4:F67) -> 1154080000
A70: CEK | F70: =IF(E69=F69,"BALANCE","SELISIH "&TEXT(E69-F69,"#,##0")) -> BALANCE

Sheet Jurnal_Penyesuaian
A1: SOAL JURNAL PENYESUAIAN AKHIR PERIODE, FUNGSI JURNAL PENYESUAIAN MENCATAT TRANSAKSI YANG BELUM TERCATAT ATAU PERLU DIPERBAIKI. | J1: JURNAL PENYESUAIAN - AREA LATIHAN
A2: Kerjakan jurnal penyesuaian berdasarkan informasi akhir periode di bawah ini. | J2: Isi kolom Akun, Debit, dan Kredit. Kolom Cek membandingkan jawaban dengan Kunci_Penyesuaian.
A3: No | B3: Tanggal | C3: Jenis Penyesuaian | D3: Informasi Akhir Periode | E3: Nominal (Rp) | F3: No2 | G3: Petunjuk | J3: No | K3: Tanggal | L3: Akun | M3: Debit (Rp) | N3: Kredit (Rp) | O3: Cek
A4: 1 | B4: 46660 | C4: Perlengkapan terpakai | D4: Hasil pemeriksaan fisik menunjukkan perlengkapan yang masih tersisa sebesar Rp2.500.000. Saldo perlengkapan sebelum penyesuaian berasal dari pembelian Rp4.500.000. | E4: 2000000 | F4: 1 | G4: Beban perlengkapan diakui sebesar perlengkapan yang sudah terpakai. | J4: 1 | K4: 46660 | L4: Beban Perlengkapan | M4: =Table8[[#This Row],[Nominal (Rp)]] -> 2000000 | O4: =IF($L4="","",IF(AND($L4=Kunci_Penyesuaian!$C4,IF($M4="",0,$M4)=IF(Kunci_Penyesuaian!$D4="",0,Kunci_Penyesuaian!$D4),IF($N4="",0,$N4)=IF(Kunci_Penyesuaian!$E4="",0,Kunci_Penyesuaian!$E4)),"Benar","Cek lagi")) -> Benar
A5: 2 | J5: 1 | K5: 46660 | L5: Perlengkapan | N5: =M4 -> 2000000 | O5: =IF($L5="","",IF(AND($L5=Kunci_Penyesuaian!$C5,IF($M5="",0,$M5)=IF(Kunci_Penyesuaian!$D5="",0,Kunci_Penyesuaian!$D5),IF($N5="",0,$N5)=IF(Kunci_Penyesuaian!$E5="",0,Kunci_Penyesuaian!$E5)),"Benar","Cek lagi")) -> Benar
A6: 3 | B6: 46660 | C6: Sewa terpakai | D6: Dari sewa dibayar di muka, bagian yang sudah menjadi beban periode berjalan adalah Rp4.000.000. | E6: 4000000 | F6: 2 | G6: Kurangi aset sewa dibayar di muka dan akui beban sewa. | J6: 2 | K6: 46660 | L6: Beban Sewa | M6: =Table8[[#This Row],[Nominal (Rp)]] -> 4000000 | O6: =IF($L6="","",IF(AND($L6=Kunci_Penyesuaian!$C6,IF($M6="",0,$M6)=IF(Kunci_Penyesuaian!$D6="",0,Kunci_Penyesuaian!$D6),IF($N6="",0,$N6)=IF(Kunci_Penyesuaian!$E6="",0,Kunci_Penyesuaian!$E6)),"Benar","Cek lagi")) -> Benar
A7: 4 | J7: 2 | K7: 46660 | L7: Sewa Dibayar di Muka | N7: =M6 -> 4000000 | O7: =IF($L7="","",IF(AND($L7=Kunci_Penyesuaian!$C7,IF($M7="",0,$M7)=IF(Kunci_Penyesuaian!$D7="",0,Kunci_Penyesuaian!$D7),IF($N7="",0,$N7)=IF(Kunci_Penyesuaian!$E7="",0,Kunci_Penyesuaian!$E7)),"Benar","Cek lagi")) -> Benar
A8: 5 | B8: 46660 | C8: Asuransi terpakai | D8: Premi asuransi dibayar di muka yang sudah terpakai sampai akhir periode sebesar Rp1.000.000. | E8: 1000000 | F8: 3 | G8: Kurangi aset asuransi dibayar di muka dan akui beban asuransi. | J8: 3 | K8: 46660 | L8: Beban Asuransi | M8: =Table8[[#This Row],[Nominal (Rp)]] -> 1000000 | O8: =IF($L8="","",IF(AND($L8=Kunci_Penyesuaian!$C8,IF($M8="",0,$M8)=IF(Kunci_Penyesuaian!$D8="",0,Kunci_Penyesuaian!$D8),IF($N8="",0,$N8)=IF(Kunci_Penyesuaian!$E8="",0,Kunci_Penyesuaian!$E8)),"Benar","Cek lagi")) -> Benar
A9: 6 | J9: 3 | K9: 46660 | L9: Asuransi Dibayar di Muka | N9: =M8 -> 1000000 | O9: =IF($L9="","",IF(AND($L9=Kunci_Penyesuaian!$C9,IF($M9="",0,$M9)=IF(Kunci_Penyesuaian!$D9="",0,Kunci_Penyesuaian!$D9),IF($N9="",0,$N9)=IF(Kunci_Penyesuaian!$E9="",0,Kunci_Penyesuaian!$E9)),"Benar","Cek lagi")) -> Benar
A10: 7 | B10: 46660 | C10: Iklan terpakai | D10: Paket iklan dibayar di muka yang sudah tayang dan menjadi beban periode berjalan sebesar Rp1.500.000. | E10: 1500000 | F10: 4 | G10: Kurangi iklan dibayar di muka dan akui beban iklan. | J10: 4 | K10: 46660 | L10: Beban Iklan | M10: =Table8[[#This Row],[Nominal (Rp)]] -> 1500000 | O10: =IF($L10="","",IF(AND($L10=Kunci_Penyesuaian!$C10,IF($M10="",0,$M10)=IF(Kunci_Penyesuaian!$D10="",0,Kunci_Penyesuaian!$D10),IF($N10="",0,$N10)=IF(Kunci_Penyesuaian!$E10="",0,Kunci_Penyesuaian!$E10)),"Benar","Cek lagi")) -> Benar
A11: 8 | J11: 4 | K11: 46660 | L11: Iklan Dibayar di Muka | N11: =M10 -> 1500000 | O11: =IF($L11="","",IF(AND($L11=Kunci_Penyesuaian!$C11,IF($M11="",0,$M11)=IF(Kunci_Penyesuaian!$D11="",0,Kunci_Penyesuaian!$D11),IF($N11="",0,$N11)=IF(Kunci_Penyesuaian!$E11="",0,Kunci_Penyesuaian!$E11)),"Benar","Cek lagi")) -> Benar
A12: 9 | B12: 46660 | C12: Penyusutan peralatan | D12: Penyusutan peralatan periode ini dihitung sebesar Rp1.800.000. | E12: 1800000 | F12: 5 | G12: Akui beban penyusutan dan akumulasi penyusutan peralatan. | J12: 5 | K12: 46660 | L12: Beban Penyusutan Peralatan | M12: =Table8[[#This Row],[Nominal (Rp)]] -> 1800000 | O12: =IF($L12="","",IF(AND($L12=Kunci_Penyesuaian!$C12,IF($M12="",0,$M12)=IF(Kunci_Penyesuaian!$D12="",0,Kunci_Penyesuaian!$D12),IF($N12="",0,$N12)=IF(Kunci_Penyesuaian!$E12="",0,Kunci_Penyesuaian!$E12)),"Benar","Cek lagi")) -> Benar
A13: 10 | J13: 5 | K13: 46660 | L13: Akumulasi Penyusutan Peralatan | N13: =M12 -> 1800000 | O13: =IF($L13="","",IF(AND($L13=Kunci_Penyesuaian!$C13,IF($M13="",0,$M13)=IF(Kunci_Penyesuaian!$D13="",0,Kunci_Penyesuaian!$D13),IF($N13="",0,$N13)=IF(Kunci_Penyesuaian!$E13="",0,Kunci_Penyesuaian!$E13)),"Benar","Cek lagi")) -> Benar
B14: 46660 | C14: Penyusutan kendaraan | D14: Penyusutan kendaraan periode ini dihitung sebesar Rp2.400.000. | E14: 2400000 | F14: 6 | G14: Gunakan Beban Lain-lain karena akun beban penyusutan kendaraan belum tersedia di COA. | J14: 6 | K14: 46660 | L14: Beban Lain-lain | M14: =Table8[[#This Row],[Nominal (Rp)]] -> 2400000 | O14: =IF($L14="","",IF(AND($L14=Kunci_Penyesuaian!$C14,IF($M14="",0,$M14)=IF(Kunci_Penyesuaian!$D14="",0,Kunci_Penyesuaian!$D14),IF($N14="",0,$N14)=IF(Kunci_Penyesuaian!$E14="",0,Kunci_Penyesuaian!$E14)),"Benar","Cek lagi")) -> Benar
J15: 6 | K15: 46660 | L15: Akumulasi Penyusutan Kendaraan | N15: =M14 -> 2400000 | O15: =IF($L15="","",IF(AND($L15=Kunci_Penyesuaian!$C15,IF($M15="",0,$M15)=IF(Kunci_Penyesuaian!$D15="",0,Kunci_Penyesuaian!$D15),IF($N15="",0,$N15)=IF(Kunci_Penyesuaian!$E15="",0,Kunci_Penyesuaian!$E15)),"Benar","Cek lagi")) -> Benar
B16: 46660 | C16: Penyusutan gedung | D16: Penyusutan gedung periode ini dihitung sebesar Rp3.500.000. | E16: 3500000 | F16: 7 | G16: Gunakan Beban Lain-lain karena akun beban penyusutan gedung belum tersedia di COA. | J16: 7 | K16: 46660 | L16: Beban Lain-lain | M16: =Table8[[#This Row],[Nominal (Rp)]] -> 3500000 | O16: =IF($L16="","",IF(AND($L16=Kunci_Penyesuaian!$C16,IF($M16="",0,$M16)=IF(Kunci_Penyesuaian!$D16="",0,Kunci_Penyesuaian!$D16),IF($N16="",0,$N16)=IF(Kunci_Penyesuaian!$E16="",0,Kunci_Penyesuaian!$E16)),"Benar","Cek lagi")) -> Benar
J17: 7 | K17: 46660 | L17: Akumulasi Penyusutan Gedung | N17: =M16 -> 3500000 | O17: =IF($L17="","",IF(AND($L17=Kunci_Penyesuaian!$C17,IF($M17="",0,$M17)=IF(Kunci_Penyesuaian!$D17="",0,Kunci_Penyesuaian!$D17),IF($N17="",0,$N17)=IF(Kunci_Penyesuaian!$E17="",0,Kunci_Penyesuaian!$E17)),"Benar","Cek lagi")) -> Benar
B18: 46660 | C18: Gaji masih harus dibayar | D18: Gaji karyawan akhir periode yang sudah menjadi beban tetapi belum dibayar sebesar Rp2.000.000. | E18: 2000000 | F18: 8 | G18: Akui beban gaji dan utang gaji. | J18: 8 | K18: 46660 | L18: Beban Gaji | M18: =Table8[[#This Row],[Nominal (Rp)]] -> 2000000 | O18: =IF($L18="","",IF(AND($L18=Kunci_Penyesuaian!$C18,IF($M18="",0,$M18)=IF(Kunci_Penyesuaian!$D18="",0,Kunci_Penyesuaian!$D18),IF($N18="",0,$N18)=IF(Kunci_Penyesuaian!$E18="",0,Kunci_Penyesuaian!$E18)),"Benar","Cek lagi")) -> Benar
J19: 8 | K19: 46660 | L19: Utang Gaji | N19: =M18 -> 2000000 | O19: =IF($L19="","",IF(AND($L19=Kunci_Penyesuaian!$C19,IF($M19="",0,$M19)=IF(Kunci_Penyesuaian!$D19="",0,Kunci_Penyesuaian!$D19),IF($N19="",0,$N19)=IF(Kunci_Penyesuaian!$E19="",0,Kunci_Penyesuaian!$E19)),"Benar","Cek lagi")) -> Benar
B20: 46660 | C20: Bunga masih harus dibayar | D20: Bunga pinjaman bank akhir periode yang sudah menjadi beban tetapi belum dibayar sebesar Rp1.200.000. | E20: 1200000 | F20: 9 | G20: Akui beban bunga dan utang bunga. | J20: 9 | K20: 46660 | L20: Beban Bunga | M20: =Table8[[#This Row],[Nominal (Rp)]] -> 1200000 | O20: =IF($L20="","",IF(AND($L20=Kunci_Penyesuaian!$C20,IF($M20="",0,$M20)=IF(Kunci_Penyesuaian!$D20="",0,Kunci_Penyesuaian!$D20),IF($N20="",0,$N20)=IF(Kunci_Penyesuaian!$E20="",0,Kunci_Penyesuaian!$E20)),"Benar","Cek lagi")) -> Benar
J21: 9 | K21: 46660 | L21: Utang Bunga | N21: =M20 -> 1200000 | O21: =IF($L21="","",IF(AND($L21=Kunci_Penyesuaian!$C21,IF($M21="",0,$M21)=IF(Kunci_Penyesuaian!$D21="",0,Kunci_Penyesuaian!$D21),IF($N21="",0,$N21)=IF(Kunci_Penyesuaian!$E21="",0,Kunci_Penyesuaian!$E21)),"Benar","Cek lagi")) -> Benar
B22: 46660 | C22: Pendapatan diterima di muka menjadi pendapatan | D22: Dari pendapatan diterima di muka, jasa yang sudah selesai diberikan kepada pelanggan sebesar Rp5.000.000. | E22: 5000000 | F22: 10 | G22: Kurangi pendapatan diterima di muka dan akui pendapatan jasa. | J22: 10 | K22: 46660 | L22: Pendapatan Diterima di Muka | M22: =Table8[[#This Row],[Nominal (Rp)]] -> 5000000 | O22: =IF($L22="","",IF(AND($L22=Kunci_Penyesuaian!$C22,IF($M22="",0,$M22)=IF(Kunci_Penyesuaian!$D22="",0,Kunci_Penyesuaian!$D22),IF($N22="",0,$N22)=IF(Kunci_Penyesuaian!$E22="",0,Kunci_Penyesuaian!$E22)),"Benar","Cek lagi")) -> Benar
J23: 10 | K23: 46660 | L23: Pendapatan Jasa | N23: =M22 -> 5000000 | O23: =IF($L23="","",IF(AND($L23=Kunci_Penyesuaian!$C23,IF($M23="",0,$M23)=IF(Kunci_Penyesuaian!$D23="",0,Kunci_Penyesuaian!$D23),IF($N23="",0,$N23)=IF(Kunci_Penyesuaian!$E23="",0,Kunci_Penyesuaian!$E23)),"Benar","Cek lagi")) -> Benar
A25: Catatan belajar: Jurnal penyesuaian dibuat pada akhir periode untuk mengakui beban/pendapatan yang sudah terjadi tetapi belum dicatat, serta menyesuaikan aset dibayar di muka dan penyusutan aset tetap. | J25: TOTAL | M25: =SUM(M4:M23) -> 24400000 | N25: =SUM(N4:N23) -> 24400000 | O25: =IF(M25=N25,"BALANCE","SELISIH") -> BALANCE

Sheet Kunci_Penyesuaian
A1: KUNCI JURNAL PENYESUAIAN, FUNGSI JURNAL PENYESUAIAN MENCATAT TRANSAKSI YANG BELUM TERCATAT ATAU PERLU DIPERBAIKI.
A2: Sheet ini digunakan sebagai kunci jawaban dan sumber perhitungan Neraca Saldo Setelah Penyesuaian.
A3: No | B3: Tanggal | C3: Akun | D3: Debit (Rp) | E3: Kredit (Rp) | F3: Alasan
A4: 1 | B4: 46660 | C4: Beban Perlengkapan | D4: 2000000 | F4: Perlengkapan yang terpakai diakui sebagai beban.
A5: 1 | B5: 46660 | C5: Perlengkapan | E5: 2000000 | F5: Aset perlengkapan berkurang sebesar yang sudah dipakai.
A6: 2 | B6: 46660 | C6: Beban Sewa | D6: 4000000 | F6: Sewa yang sudah digunakan diakui sebagai beban.
A7: 2 | B7: 46660 | C7: Sewa Dibayar di Muka | E7: 4000000 | F7: Aset sewa dibayar di muka berkurang.
A8: 3 | B8: 46660 | C8: Beban Asuransi | D8: 1000000 | F8: Asuransi yang sudah terpakai diakui sebagai beban.
A9: 3 | B9: 46660 | C9: Asuransi Dibayar di Muka | E9: 1000000 | F9: Aset asuransi dibayar di muka berkurang.
A10: 4 | B10: 46660 | C10: Beban Iklan | D10: 1500000 | F10: Iklan yang sudah tayang diakui sebagai beban.
A11: 4 | B11: 46660 | C11: Iklan Dibayar di Muka | E11: 1500000 | F11: Aset iklan dibayar di muka berkurang.
A12: 5 | B12: 46660 | C12: Beban Penyusutan Peralatan | D12: 1800000 | F12: Penyusutan peralatan periode berjalan diakui sebagai beban.
A13: 5 | B13: 46660 | C13: Akumulasi Penyusutan Peralatan | E13: 1800000 | F13: Akumulasi penyusutan peralatan bertambah.
A14: 6 | B14: 46660 | C14: Beban Lain-lain | D14: 2400000 | F14: Penyusutan kendaraan dicatat pada beban lain-lain sesuai COA latihan.
A15: 6 | B15: 46660 | C15: Akumulasi Penyusutan Kendaraan | E15: 2400000 | F15: Akumulasi penyusutan kendaraan bertambah.
A16: 7 | B16: 46660 | C16: Beban Lain-lain | D16: 3500000 | F16: Penyusutan gedung dicatat pada beban lain-lain sesuai COA latihan.
A17: 7 | B17: 46660 | C17: Akumulasi Penyusutan Gedung | E17: 3500000 | F17: Akumulasi penyusutan gedung bertambah.
A18: 8 | B18: 46660 | C18: Beban Gaji | D18: 2000000 | F18: Gaji yang sudah menjadi beban tetapi belum dibayar diakui.
A19: 8 | B19: 46660 | C19: Utang Gaji | E19: 2000000 | F19: Utang gaji bertambah.
A20: 9 | B20: 46660 | C20: Beban Bunga | D20: 1200000 | F20: Bunga yang sudah menjadi beban tetapi belum dibayar diakui.
A21: 9 | B21: 46660 | C21: Utang Bunga | E21: 1200000 | F21: Utang bunga bertambah.
A22: 10 | B22: 46660 | C22: Pendapatan Diterima di Muka | D22: 5000000 | F22: Kewajiban berkurang karena jasa sudah diberikan.
A23: 10 | B23: 46660 | C23: Pendapatan Jasa | E23: 5000000 | F23: Pendapatan jasa diakui atas jasa yang sudah selesai.
A24: TOTAL | D24: =SUM(D4:D23) -> 24400000 | E24: =SUM(E4:E23) -> 24400000 | F24: =IF(D24=E24,"BALANCE","SELISIH") -> BALANCE

Sheet NS_Setelah_Penyesuaian
A1: NERACA SALDO SETELAH PENYESUAIAN, FUNGSI MENGGABUNGKAN: NERACA SALDO + JURNAL PENYESUAIAN
A3: Kode Akun | B3: Nama Akun | C3: Kategori | D3: Saldo Normal | E3: Debit (Rp) | F3: Kredit (Rp)
A4: 1-001 | B4: Kas | C4: Aset | D4: Debit | E4: =SUMIF(buku_besar[Nama Akun],$B4,buku_besar[Saldo Debit]) -> 35150000 | F4: =SUMIF(buku_besar[Nama Akun],$B4,buku_besar[Saldo Kredit]) -> 0
A5: 1-002 | B5: Bank | C5: Aset | D5: Debit | E5: =SUMIF(buku_besar[Nama Akun],$B5,buku_besar[Saldo Debit]) -> 175850000 | F5: =SUMIF(buku_besar[Nama Akun],$B5,buku_besar[Saldo Kredit]) -> 0
A6: 1-003 | B6: Piutang Usaha | C6: Aset | D6: Debit | E6: =SUMIF(buku_besar[Nama Akun],$B6,buku_besar[Saldo Debit]) -> 23080000 | F6: =SUMIF(buku_besar[Nama Akun],$B6,buku_besar[Saldo Kredit]) -> 0
A7: 1-004 | B7: Piutang Karyawan | C7: Aset | D7: Debit | E7: =SUMIF(buku_besar[Nama Akun],$B7,buku_besar[Saldo Debit]) -> 2500000 | F7: =SUMIF(buku_besar[Nama Akun],$B7,buku_besar[Saldo Kredit]) -> 0
A8: 1-005 | B8: Piutang Lain-lain | C8: Aset | D8: Debit | E8: =SUMIF(buku_besar[Nama Akun],$B8,buku_besar[Saldo Debit]) -> 2400000 | F8: =SUMIF(buku_besar[Nama Akun],$B8,buku_besar[Saldo Kredit]) -> 0
A9: 1-006 | B9: Persediaan | C9: Aset | D9: Debit | E9: =SUMIF(buku_besar[Nama Akun],$B9,buku_besar[Saldo Debit]) -> 35000000 | F9: =SUMIF(buku_besar[Nama Akun],$B9,buku_besar[Saldo Kredit]) -> 0
A10: 1-007 | B10: Perlengkapan | C10: Aset | D10: Debit | E10: =SUMIF(buku_besar[Nama Akun],$B10,buku_besar[Saldo Debit]) -> 2500000 | F10: =SUMIF(buku_besar[Nama Akun],$B10,buku_besar[Saldo Kredit]) -> 0
A11: 1-008 | B11: Sewa Dibayar di Muka | C11: Aset | D11: Debit | E11: =SUMIF(buku_besar[Nama Akun],$B11,buku_besar[Saldo Debit]) -> 8000000 | F11: =SUMIF(buku_besar[Nama Akun],$B11,buku_besar[Saldo Kredit]) -> 0
A12: 1-009 | B12: Asuransi Dibayar di Muka | C12: Aset | D12: Debit | E12: =SUMIF(buku_besar[Nama Akun],$B12,buku_besar[Saldo Debit]) -> 5000000 | F12: =SUMIF(buku_besar[Nama Akun],$B12,buku_besar[Saldo Kredit]) -> 0
A13: 1-010 | B13: Iklan Dibayar di Muka | C13: Aset | D13: Debit | E13: =SUMIF(buku_besar[Nama Akun],$B13,buku_besar[Saldo Debit]) -> 6000000 | F13: =SUMIF(buku_besar[Nama Akun],$B13,buku_besar[Saldo Kredit]) -> 0
A14: 1-011 | B14: Uang Muka Pembelian | C14: Aset | D14: Debit | E14: =SUMIF(buku_besar[Nama Akun],$B14,buku_besar[Saldo Debit]) -> 8000000 | F14: =SUMIF(buku_besar[Nama Akun],$B14,buku_besar[Saldo Kredit]) -> 0
A15: 1-012 | B15: Peralatan | C15: Aset | D15: Debit | E15: =SUMIF(buku_besar[Nama Akun],$B15,buku_besar[Saldo Debit]) -> 22000000 | F15: =SUMIF(buku_besar[Nama Akun],$B15,buku_besar[Saldo Kredit]) -> 0
... A67: 5-020 | B67: Beban Lain-lain | C67: Beban | D67: Debit | E67: =SUMIF(buku_besar[Nama Akun],$B67,buku_besar[Saldo Debit]) -> 5900000 | F67: =SUMIF(buku_besar[Nama Akun],$B67,buku_besar[Saldo Kredit]) -> 0
A69: TOTAL | E69: =SUM(E4:E67) -> 1164980000 | F69: =SUM(F4:F67) -> 1164980000
A70: CEK | F70: =IF(E69=F69,"BALANCE","SELISIH "&TEXT(E69-F69,"#,##0")) -> BALANCE

Sheet Laporan_Keuangan
A1: LAPORAN KEUANGAN - OTOMATIS, FUNGSI INI TUJUAN AKHIR SELURUH PROSES.
A3: LAPORAN LABA RUGI | D3: NERACA
A4: Akun | B4: Jumlah (Rp) | D4: Aset | E4: Jumlah (Rp)
A5: Pendapatan Jasa | B5: =SUMIF(NS_SP[Nama Akun],Table9[[#This Row],[Akun]],NS_SP[Kredit (Rp)]) -> 19000000 | D5: Kas | E5: =SUMIF(NS_SP[Nama Akun],Table11[[#This Row],[Aset]],NS_SP[Debit (Rp)])-SUMIF(NS_SP[Nama Akun],Table11[[#This Row],[Aset]],NS_SP[Kredit (Rp)]) -> 35150000
A6: Pendapatan Penjualan | B6: =SUMIF(NS_SP[Nama Akun],Table9[[#This Row],[Akun]],NS_SP[Kredit (Rp)]) -> 28000000 | D6: Bank | E6: =SUMIF(NS_SP[Nama Akun],Table11[[#This Row],[Aset]],NS_SP[Debit (Rp)])-SUMIF(NS_SP[Nama Akun],Table11[[#This Row],[Aset]],NS_SP[Kredit (Rp)]) -> 175850000
A7: Pendapatan Lain-lain | B7: =SUMIF(NS_SP[Nama Akun],Table9[[#This Row],[Akun]],NS_SP[Kredit (Rp)]) -> 3400000 | D7: Piutang Usaha | E7: =SUMIF(NS_SP[Nama Akun],Table11[[#This Row],[Aset]],NS_SP[Debit (Rp)])-SUMIF(NS_SP[Nama Akun],Table11[[#This Row],[Aset]],NS_SP[Kredit (Rp)]) -> 23080000
A8: Pendapatan Bunga | B8: =SUMIF(NS_SP[Nama Akun],Table9[[#This Row],[Akun]],NS_SP[Kredit (Rp)]) -> 1200000 | D8: Piutang Karyawan | E8: =SUMIF(NS_SP[Nama Akun],Table11[[#This Row],[Aset]],NS_SP[Debit (Rp)])-SUMIF(NS_SP[Nama Akun],Table11[[#This Row],[Aset]],NS_SP[Kredit (Rp)]) -> 2500000
A9: Pendapatan Sewa | B9: =SUMIF(NS_SP[Nama Akun],Table9[[#This Row],[Akun]],NS_SP[Kredit (Rp)]) -> 9000000 | D9: Piutang Lain-lain | E9: =SUMIF(NS_SP[Nama Akun],Table11[[#This Row],[Aset]],NS_SP[Debit (Rp)])-SUMIF(NS_SP[Nama Akun],Table11[[#This Row],[Aset]],NS_SP[Kredit (Rp)]) -> 2400000
A10: Pendapatan Komisi | B10: =SUMIF(NS_SP[Nama Akun],Table9[[#This Row],[Akun]],NS_SP[Kredit (Rp)]) -> 5500000 | D10: Persediaan | E10: =SUMIF(NS_SP[Nama Akun],Table11[[#This Row],[Aset]],NS_SP[Debit (Rp)])-SUMIF(NS_SP[Nama Akun],Table11[[#This Row],[Aset]],NS_SP[Kredit (Rp)]) -> 35000000
A11: Pendapatan Administrasi | B11: =SUMIF(NS_SP[Nama Akun],Table9[[#This Row],[Akun]],NS_SP[Kredit (Rp)]) -> 2750000 | D11: Perlengkapan | E11: =SUMIF(NS_SP[Nama Akun],Table11[[#This Row],[Aset]],NS_SP[Debit (Rp)])-SUMIF(NS_SP[Nama Akun],Table11[[#This Row],[Aset]],NS_SP[Kredit (Rp)]) -> 2500000
A12: Total Pendapatan | B12: =SUM(B5:B11) -> 68850000 | D12: Sewa Dibayar di Muka | E12: =SUMIF(NS_SP[Nama Akun],Table11[[#This Row],[Aset]],NS_SP[Debit (Rp)])-SUMIF(NS_SP[Nama Akun],Table11[[#This Row],[Aset]],NS_SP[Kredit (Rp)]) -> 8000000
A13: Akun | B13: Jumlah (Rp) | D13: Asuransi Dibayar di Muka | E13: =SUMIF(NS_SP[Nama Akun],Table11[[#This Row],[Aset]],NS_SP[Debit (Rp)])-SUMIF(NS_SP[Nama Akun],Table11[[#This Row],[Aset]],NS_SP[Kredit (Rp)]) -> 5000000
A14: Beban Gaji | B14: =SUMIF(NS_SP[Nama Akun],Table10[[#This Row],[Akun]],NS_SP[Debit (Rp)])-SUMIF(NS_SP[Nama Akun],Table10[[#This Row],[Akun]],NS_SP[Kredit (Rp)]) -> 14000000 | D14: Iklan Dibayar di Muka | E14: =SUMIF(NS_SP[Nama Akun],Table11[[#This Row],[Aset]],NS_SP[Debit (Rp)])-SUMIF(NS_SP[Nama Akun],Table11[[#This Row],[Aset]],NS_SP[Kredit (Rp)]) -> 6000000
A15: Beban Upah | B15: =SUMIF(NS_SP[Nama Akun],Table10[[#This Row],[Akun]],NS_SP[Debit (Rp)])-SUMIF(NS_SP[Nama Akun],Table10[[#This Row],[Akun]],NS_SP[Kredit (Rp)]) -> 4200000 | D15: Uang Muka Pembelian | E15: =SUMIF(NS_SP[Nama Akun],Table11[[#This Row],[Aset]],NS_SP[Debit (Rp)])-SUMIF(NS_SP[Nama Akun],Table11[[#This Row],[Aset]],NS_SP[Kredit (Rp)]) -> 8000000
A16: Beban Sewa | B16: =SUMIF(NS_SP[Nama Akun],Table10[[#This Row],[Akun]],NS_SP[Debit (Rp)])-SUMIF(NS_SP[Nama Akun],Table10[[#This Row],[Akun]],NS_SP[Kredit (Rp)]) -> 8000000 | D16: Peralatan | E16: =SUMIF(NS_SP[Nama Akun],Table11[[#This Row],[Aset]],NS_SP[Debit (Rp)])-SUMIF(NS_SP[Nama Akun],Table11[[#This Row],[Aset]],NS_SP[Kredit (Rp)]) -> 22000000
A17: Beban Listrik | B17: =SUMIF(NS_SP[Nama Akun],Table10[[#This Row],[Akun]],NS_SP[Debit (Rp)])-SUMIF(NS_SP[Nama Akun],Table10[[#This Row],[Akun]],NS_SP[Kredit (Rp)]) -> 1750000 | D17: Peralatan Kantor | E17: =SUMIF(NS_SP[Nama Akun],Table11[[#This Row],[Aset]],NS_SP[Debit (Rp)])-SUMIF(NS_SP[Nama Akun],Table11[[#This Row],[Aset]],NS_SP[Kredit (Rp)]) -> 15000000
A18: Beban Air | B18: =SUMIF(NS_SP[Nama Akun],Table10[[#This Row],[Akun]],NS_SP[Debit (Rp)])-SUMIF(NS_SP[Nama Akun],Table10[[#This Row],[Akun]],NS_SP[Kredit (Rp)]) -> 450000 | D18: Kendaraan | E18: =SUMIF(NS_SP[Nama Akun],Table11[[#This Row],[Aset]],NS_SP[Debit (Rp)])-SUMIF(NS_SP[Nama Akun],Table11[[#This Row],[Aset]],NS_SP[Kredit (Rp)]) -> 180000000
A19: Beban Telepon | B19: =SUMIF(NS_SP[Nama Akun],Table10[[#This Row],[Akun]],NS_SP[Debit (Rp)])-SUMIF(NS_SP[Nama Akun],Table10[[#This Row],[Akun]],NS_SP[Kredit (Rp)]) -> 650000 | D19: Gedung | E19: =SUMIF(NS_SP[Nama Akun],Table11[[#This Row],[Aset]],NS_SP[Debit (Rp)])-SUMIF(NS_SP[Nama Akun],Table11[[#This Row],[Aset]],NS_SP[Kredit (Rp)]) -> 350000000
A20: Beban Internet | B20: =SUMIF(NS_SP[Nama Akun],Table10[[#This Row],[Akun]],NS_SP[Debit (Rp)])-SUMIF(NS_SP[Nama Akun],Table10[[#This Row],[Akun]],NS_SP[Kredit (Rp)]) -> 900000 | D20: Tanah | E20: =SUMIF(NS_SP[Nama Akun],Table11[[#This Row],[Aset]],NS_SP[Debit (Rp)])-SUMIF(NS_SP[Nama Akun],Table11[[#This Row],[Aset]],NS_SP[Kredit (Rp)]) -> 220000000
A21: Beban Perlengkapan | B21: =SUMIF(NS_SP[Nama Akun],Table10[[#This Row],[Akun]],NS_SP[Debit (Rp)])-SUMIF(NS_SP[Nama Akun],Table10[[#This Row],[Akun]],NS_SP[Kredit (Rp)]) -> 2000000 | D21: Akumulasi Penyusutan Peralatan | E21: =SUMIF(NS_SP[Nama Akun],Table11[[#This Row],[Aset]],NS_SP[Debit (Rp)])-SUMIF(NS_SP[Nama Akun],Table11[[#This Row],[Aset]],NS_SP[Kredit (Rp)]) -> -1800000
A22: Beban Penyusutan Peralatan | B22: =SUMIF(NS_SP[Nama Akun],Table10[[#This Row],[Akun]],NS_SP[Debit (Rp)])-SUMIF(NS_SP[Nama Akun],Table10[[#This Row],[Akun]],NS_SP[Kredit (Rp)]) -> 1800000 | D22: Akumulasi Penyusutan Kendaraan | E22: =SUMIF(NS_SP[Nama Akun],Table11[[#This Row],[Aset]],NS_SP[Debit (Rp)])-SUMIF(NS_SP[Nama Akun],Table11[[#This Row],[Aset]],NS_SP[Kredit (Rp)]) -> -2400000
A23: Beban Transportasi | B23: =SUMIF(NS_SP[Nama Akun],Table10[[#This Row],[Akun]],NS_SP[Debit (Rp)])-SUMIF(NS_SP[Nama Akun],Table10[[#This Row],[Akun]],NS_SP[Kredit (Rp)]) -> 1150000 | D23: Akumulasi Penyusutan Gedung | E23: =SUMIF(NS_SP[Nama Akun],Table11[[#This Row],[Aset]],NS_SP[Debit (Rp)])-SUMIF(NS_SP[Nama Akun],Table11[[#This Row],[Aset]],NS_SP[Kredit (Rp)]) -> -3500000
A24: Beban Bensin | B24: =SUMIF(NS_SP[Nama Akun],Table10[[#This Row],[Akun]],NS_SP[Debit (Rp)])-SUMIF(NS_SP[Nama Akun],Table10[[#This Row],[Akun]],NS_SP[Kredit (Rp)]) -> 1000000 | D24: Total Aset | E24: =SUM(E5:E23) -> 1082780000
A25: Beban Iklan | B25: =SUMIF(NS_SP[Nama Akun],Table10[[#This Row],[Akun]],NS_SP[Debit (Rp)])-SUMIF(NS_SP[Nama Akun],Table10[[#This Row],[Akun]],NS_SP[Kredit (Rp)]) -> 1500000
A26: Beban Administrasi | B26: =SUMIF(NS_SP[Nama Akun],Table10[[#This Row],[Akun]],NS_SP[Debit (Rp)])-SUMIF(NS_SP[Nama Akun],Table10[[#This Row],[Akun]],NS_SP[Kredit (Rp)]) -> 300000 | D26: Liabilitas | E26: Jumlah (Rp)
A27: Beban ATK | B27: =SUMIF(NS_SP[Nama Akun],Table10[[#This Row],[Akun]],NS_SP[Debit (Rp)])-SUMIF(NS_SP[Nama Akun],Table10[[#This Row],[Akun]],NS_SP[Kredit (Rp)]) -> 550000 | D27: Utang Usaha | E27: =SUMIF(NS_SP[Nama Akun],Table12[[#This Row],[Liabilitas]],NS_SP[Kredit (Rp)])-SUMIF(NS_SP[Nama Akun],Table12[[#This Row],[Liabilitas]],NS_SP[Debit (Rp)]) -> 47050000
A28: Beban Pemeliharaan | B28: =SUMIF(NS_SP[Nama Akun],Table10[[#This Row],[Akun]],NS_SP[Debit (Rp)])-SUMIF(NS_SP[Nama Akun],Table10[[#This Row],[Akun]],NS_SP[Kredit (Rp)]) -> 2300000 | D28: Utang Gaji | E28: =SUMIF(NS_SP[Nama Akun],Table12[[#This Row],[Liabilitas]],NS_SP[Kredit (Rp)])-SUMIF(NS_SP[Nama Akun],Table12[[#This Row],[Liabilitas]],NS_SP[Debit (Rp)]) -> 12100000
A29: Beban Bunga | B29: =SUMIF(NS_SP[Nama Akun],Table10[[#This Row],[Akun]],NS_SP[Debit (Rp)])-SUMIF(NS_SP[Nama Akun],Table10[[#This Row],[Akun]],NS_SP[Kredit (Rp)]) -> 3300000 | D29: Utang Pajak | E29: =SUMIF(NS_SP[Nama Akun],Table12[[#This Row],[Liabilitas]],NS_SP[Kredit (Rp)])-SUMIF(NS_SP[Nama Akun],Table12[[#This Row],[Liabilitas]],NS_SP[Debit (Rp)]) -> 2000000
A30: Beban Pajak | B30: =SUMIF(NS_SP[Nama Akun],Table10[[#This Row],[Akun]],NS_SP[Debit (Rp)])-SUMIF(NS_SP[Nama Akun],Table10[[#This Row],[Akun]],NS_SP[Kredit (Rp)]) -> 2000000 | D30: Utang PPh 21 | E30: =SUMIF(NS_SP[Nama Akun],Table12[[#This Row],[Liabilitas]],NS_SP[Kredit (Rp)])-SUMIF(NS_SP[Nama Akun],Table12[[#This Row],[Liabilitas]],NS_SP[Debit (Rp)]) -> 1100000
A31: Beban Asuransi | B31: =SUMIF(NS_SP[Nama Akun],Table10[[#This Row],[Akun]],NS_SP[Debit (Rp)])-SUMIF(NS_SP[Nama Akun],Table10[[#This Row],[Akun]],NS_SP[Kredit (Rp)]) -> 1000000 | D31: Utang PPN | E31: =SUMIF(NS_SP[Nama Akun],Table12[[#This Row],[Liabilitas]],NS_SP[Kredit (Rp)])-SUMIF(NS_SP[Nama Akun],Table12[[#This Row],[Liabilitas]],NS_SP[Debit (Rp)]) -> 3080000
A32: Beban Konsumsi | B32: =SUMIF(NS_SP[Nama Akun],Table10[[#This Row],[Akun]],NS_SP[Debit (Rp)])-SUMIF(NS_SP[Nama Akun],Table10[[#This Row],[Akun]],NS_SP[Kredit (Rp)]) -> 750000 | D32: Utang BPJS | E32: =SUMIF(NS_SP[Nama Akun],Table12[[#This Row],[Liabilitas]],NS_SP[Kredit (Rp)])-SUMIF(NS_SP[Nama Akun],Table12[[#This Row],[Liabilitas]],NS_SP[Debit (Rp)]) -> 800000
A33: Beban Lain-lain | B33: =SUMIF(NS_SP[Nama Akun],Table10[[#This Row],[Akun]],NS_SP[Debit (Rp)])-SUMIF(NS_SP[Nama Akun],Table10[[#This Row],[Akun]],NS_SP[Kredit (Rp)]) -> 5900000 | D33: Utang Sewa | E33: =SUMIF(NS_SP[Nama Akun],Table12[[#This Row],[Liabilitas]],NS_SP[Kredit (Rp)])-SUMIF(NS_SP[Nama Akun],Table12[[#This Row],[Liabilitas]],NS_SP[Debit (Rp)]) -> 4000000
A34: Total Beban | B34: =SUM(B14:B33) -> 53500000 | D34: Utang Bunga | E34: =SUMIF(NS_SP[Nama Akun],Table12[[#This Row],[Liabilitas]],NS_SP[Kredit (Rp)])-SUMIF(NS_SP[Nama Akun],Table12[[#This Row],[Liabilitas]],NS_SP[Debit (Rp)]) -> 3300000
D35: Utang Bank | E35: =SUMIF(NS_SP[Nama Akun],Table12[[#This Row],[Liabilitas]],NS_SP[Kredit (Rp)])-SUMIF(NS_SP[Nama Akun],Table12[[#This Row],[Liabilitas]],NS_SP[Debit (Rp)]) -> 394000000
A36: Laba Bersih | B36: =B12-B34 -> 15350000 | D36: Utang Jangka Pendek | E36: =SUMIF(NS_SP[Nama Akun],Table12[[#This Row],[Liabilitas]],NS_SP[Kredit (Rp)])-SUMIF(NS_SP[Nama Akun],Table12[[#This Row],[Liabilitas]],NS_SP[Debit (Rp)]) -> 17000000
D37: Utang Jangka Panjang | E37: =SUMIF(NS_SP[Nama Akun],Table12[[#This Row],[Liabilitas]],NS_SP[Kredit (Rp)])-SUMIF(NS_SP[Nama Akun],Table12[[#This Row],[Liabilitas]],NS_SP[Debit (Rp)]) -> 350000000
D38: Pendapatan Diterima di Muka | E38: =SUMIF(NS_SP[Nama Akun],Table12[[#This Row],[Liabilitas]],NS_SP[Kredit (Rp)])-SUMIF(NS_SP[Nama Akun],Table12[[#This Row],[Liabilitas]],NS_SP[Debit (Rp)]) -> 11000000
D39: Total Liabilitas | E39: =SUM(E27:E38) -> 845430000
D41: Ekuitas | E41: Jumlah (Rp)
D42: Modal | E42: =SUMIF(NS_SP[Nama Akun],Table13[[#This Row],[Ekuitas]],NS_SP[Kredit (Rp)])-SUMIF(NS_SP[Nama Akun],Table13[[#This Row],[Ekuitas]],NS_SP[Debit (Rp)]) -> 80000000
D43: Modal Saham | E43: =SUMIF(NS_SP[Nama Akun],Table13[[#This Row],[Ekuitas]],NS_SP[Kredit (Rp)])-SUMIF(NS_SP[Nama Akun],Table13[[#This Row],[Ekuitas]],NS_SP[Debit (Rp)]) -> 120000000
D44: Tambahan Modal Disetor | E44: =SUMIF(NS_SP[Nama Akun],Table13[[#This Row],[Ekuitas]],NS_SP[Kredit (Rp)])-SUMIF(NS_SP[Nama Akun],Table13[[#This Row],[Ekuitas]],NS_SP[Debit (Rp)]) -> 25000000
D45: Laba Ditahan | E45: =SUMIF(NS_SP[Nama Akun],Table13[[#This Row],[Ekuitas]],NS_SP[Kredit (Rp)])-SUMIF(NS_SP[Nama Akun],Table13[[#This Row],[Ekuitas]],NS_SP[Debit (Rp)]) -> 18000000
D46: Saldo Laba | E46: =SUMIF(NS_SP[Nama Akun],Table13[[#This Row],[Ekuitas]],NS_SP[Kredit (Rp)])-SUMIF(NS_SP[Nama Akun],Table13[[#This Row],[Ekuitas]],NS_SP[Debit (Rp)]) -> -18000000
D47: Laba Bersih Berjalan | E47: =B36 -> 15350000
D48: Prive | E48: =SUMIF(NS_SP[Nama Akun],Table13[[#This Row],[Ekuitas]],NS_SP[Kredit (Rp)])-SUMIF(NS_SP[Nama Akun],Table13[[#This Row],[Ekuitas]],NS_SP[Debit (Rp)]) -> -3000000
D49: Total Ekuitas | E49: =SUM(E42:E48) -> 237350000
D50: Total Liabilitas + Ekuitas | E50: =E39+E49 -> 1082780000
D51: Cek Neraca | E51: =IF(ROUND(E24,0)=ROUND(E50,0),"BALANCE","SELISIH "&TEXT(E24-E50,"#,##0")) -> BALANCE

Sheet Jurnal_Penutup
A1: JURNAL PENUTUP - OTOMATIS, FUNGSI MELIHAT SALDO AKHIR SETELAH TUTUP BUKU.
A2: Jurnal ini otomatis menutup pendapatan, beban, dan prive berdasarkan Neraca Saldo Setelah Penyesuaian.
A3: No | B3: Tanggal | C3: Akun | D3: Debit (Rp) | E3: Kredit (Rp) | F3: Keterangan
A4: 1 | B4: 46660 | C4: Pendapatan Jasa | D4: =SUMIF(NS_SP[Nama Akun],jurnal_penutup[[#This Row],[Akun]],NS_SP[Kredit (Rp)])-SUMIF(NS_SP[Nama Akun],jurnal_penutup[[#This Row],[Akun]],NS_SP[Debit (Rp)]) -> 19000000 | F4: Menutup akun pendapatan
A5: 1 | B5: 46660 | C5: Pendapatan Penjualan | D5: =SUMIF(NS_SP[Nama Akun],jurnal_penutup[[#This Row],[Akun]],NS_SP[Kredit (Rp)])-SUMIF(NS_SP[Nama Akun],jurnal_penutup[[#This Row],[Akun]],NS_SP[Debit (Rp)]) -> 28000000 | F5: Menutup akun pendapatan
A6: 1 | B6: 46660 | C6: Pendapatan Lain-lain | D6: =SUMIF(NS_SP[Nama Akun],jurnal_penutup[[#This Row],[Akun]],NS_SP[Kredit (Rp)])-SUMIF(NS_SP[Nama Akun],jurnal_penutup[[#This Row],[Akun]],NS_SP[Debit (Rp)]) -> 3400000 | F6: Menutup akun pendapatan
A7: 1 | B7: 46660 | C7: Pendapatan Bunga | D7: =SUMIF(NS_SP[Nama Akun],jurnal_penutup[[#This Row],[Akun]],NS_SP[Kredit (Rp)])-SUMIF(NS_SP[Nama Akun],jurnal_penutup[[#This Row],[Akun]],NS_SP[Debit (Rp)]) -> 1200000 | F7: Menutup akun pendapatan
A8: 1 | B8: 46660 | C8: Pendapatan Sewa | D8: =SUMIF(NS_SP[Nama Akun],jurnal_penutup[[#This Row],[Akun]],NS_SP[Kredit (Rp)])-SUMIF(NS_SP[Nama Akun],jurnal_penutup[[#This Row],[Akun]],NS_SP[Debit (Rp)]) -> 9000000 | F8: Menutup akun pendapatan
A9: 1 | B9: 46660 | C9: Pendapatan Komisi | D9: =SUMIF(NS_SP[Nama Akun],jurnal_penutup[[#This Row],[Akun]],NS_SP[Kredit (Rp)])-SUMIF(NS_SP[Nama Akun],jurnal_penutup[[#This Row],[Akun]],NS_SP[Debit (Rp)]) -> 5500000 | F9: Menutup akun pendapatan
A10: 1 | B10: 46660 | C10: Pendapatan Administrasi | D10: =SUMIF(NS_SP[Nama Akun],jurnal_penutup[[#This Row],[Akun]],NS_SP[Kredit (Rp)])-SUMIF(NS_SP[Nama Akun],jurnal_penutup[[#This Row],[Akun]],NS_SP[Debit (Rp)]) -> 2750000 | F10: Menutup akun pendapatan
A11: 1 | B11: 46660 | C11: Saldo Laba | E11: =SUM(D4:D10) -> 68850000 | F11: Total pendapatan ditutup ke Saldo Laba
A12: 2 | B12: 46660 | C12: Saldo Laba | D12: =SUM(E13:E32) -> 53500000 | F12: Total beban ditutup ke Saldo Laba
A13: 2 | B13: 46660 | C13: Beban Gaji | E13: =SUMIF(NS_SP[Nama Akun],jurnal_penutup[[#This Row],[Akun]],NS_SP[Debit (Rp)])-SUMIF(NS_SP[Nama Akun],jurnal_penutup[[#This Row],[Akun]],NS_SP[Kredit (Rp)]) -> 14000000 | F13: Menutup akun beban
A14: 2 | B14: 46660 | C14: Beban Upah | E14: =SUMIF(NS_SP[Nama Akun],jurnal_penutup[[#This Row],[Akun]],NS_SP[Debit (Rp)])-SUMIF(NS_SP[Nama Akun],jurnal_penutup[[#This Row],[Akun]],NS_SP[Kredit (Rp)]) -> 4200000 | F14: Menutup akun beban
A15: 2 | B15: 46660 | C15: Beban Sewa | E15: =SUMIF(NS_SP[Nama Akun],jurnal_penutup[[#This Row],[Akun]],NS_SP[Debit (Rp)])-SUMIF(NS_SP[Nama Akun],jurnal_penutup[[#This Row],[Akun]],NS_SP[Kredit (Rp)]) -> 8000000 | F15: Menutup akun beban
A16: 2 | B16: 46660 | C16: Beban Listrik | E16: =SUMIF(NS_SP[Nama Akun],jurnal_penutup[[#This Row],[Akun]],NS_SP[Debit (Rp)])-SUMIF(NS_SP[Nama Akun],jurnal_penutup[[#This Row],[Akun]],NS_SP[Kredit (Rp)]) -> 1750000 | F16: Menutup akun beban
A17: 2 | B17: 46660 | C17: Beban Air | E17: =SUMIF(NS_SP[Nama Akun],jurnal_penutup[[#This Row],[Akun]],NS_SP[Debit (Rp)])-SUMIF(NS_SP[Nama Akun],jurnal_penutup[[#This Row],[Akun]],NS_SP[Kredit (Rp)]) -> 450000 | F17: Menutup akun beban
A18: 2 | B18: 46660 | C18: Beban Telepon | E18: =SUMIF(NS_SP[Nama Akun],jurnal_penutup[[#This Row],[Akun]],NS_SP[Debit (Rp)])-SUMIF(NS_SP[Nama Akun],jurnal_penutup[[#This Row],[Akun]],NS_SP[Kredit (Rp)]) -> 650000 | F18: Menutup akun beban
A19: 2 | B19: 46660 | C19: Beban Internet | E19: =SUMIF(NS_SP[Nama Akun],jurnal_penutup[[#This Row],[Akun]],NS_SP[Debit (Rp)])-SUMIF(NS_SP[Nama Akun],jurnal_penutup[[#This Row],[Akun]],NS_SP[Kredit (Rp)]) -> 900000 | F19: Menutup akun beban
A20: 2 | B20: 46660 | C20: Beban Perlengkapan | E20: =SUMIF(NS_SP[Nama Akun],jurnal_penutup[[#This Row],[Akun]],NS_SP[Debit (Rp)])-SUMIF(NS_SP[Nama Akun],jurnal_penutup[[#This Row],[Akun]],NS_SP[Kredit (Rp)]) -> 2000000 | F20: Menutup akun beban
A21: 2 | B21: 46660 | C21: Beban Penyusutan Peralatan | E21: =SUMIF(NS_SP[Nama Akun],jurnal_penutup[[#This Row],[Akun]],NS_SP[Debit (Rp)])-SUMIF(NS_SP[Nama Akun],jurnal_penutup[[#This Row],[Akun]],NS_SP[Kredit (Rp)]) -> 1800000 | F21: Menutup akun beban
A22: 2 | B22: 46660 | C22: Beban Transportasi | E22: =SUMIF(NS_SP[Nama Akun],jurnal_penutup[[#This Row],[Akun]],NS_SP[Debit (Rp)])-SUMIF(NS_SP[Nama Akun],jurnal_penutup[[#This Row],[Akun]],NS_SP[Kredit (Rp)]) -> 1150000 | F22: Menutup akun beban
A23: 2 | B23: 46660 | C23: Beban Bensin | E23: =SUMIF(NS_SP[Nama Akun],jurnal_penutup[[#This Row],[Akun]],NS_SP[Debit (Rp)])-SUMIF(NS_SP[Nama Akun],jurnal_penutup[[#This Row],[Akun]],NS_SP[Kredit (Rp)]) -> 1000000 | F23: Menutup akun beban
A24: 2 | B24: 46660 | C24: Beban Iklan | E24: =SUMIF(NS_SP[Nama Akun],jurnal_penutup[[#This Row],[Akun]],NS_SP[Debit (Rp)])-SUMIF(NS_SP[Nama Akun],jurnal_penutup[[#This Row],[Akun]],NS_SP[Kredit (Rp)]) -> 1500000 | F24: Menutup akun beban
... A32: 2 | B32: 46660 | C32: Beban Lain-lain | E32: =SUMIF(NS_SP[Nama Akun],jurnal_penutup[[#This Row],[Akun]],NS_SP[Debit (Rp)])-SUMIF(NS_SP[Nama Akun],jurnal_penutup[[#This Row],[Akun]],NS_SP[Kredit (Rp)]) -> 5900000 | F32: Menutup akun beban
A33: 3 | B33: 46660 | C33: Modal | D33: =SUMIF(NS_SP[Nama Akun],"prive",NS_SP[Debit (Rp)])-SUMIF(NS_SP[Nama Akun],"prive",NS_SP[Kredit (Rp)]) -> 3000000 | F33: Menutup prive ke modal
A34: 3 | B34: 46660 | C34: Prive | E34: =SUMIF(NS_SP[Nama Akun],"prive",NS_SP[Debit (Rp)])-SUMIF(NS_SP[Nama Akun],"prive",NS_SP[Kredit (Rp)]) -> 3000000 | F34: Menutup akun prive
A36: TOTAL | D36: =SUM(D4:D34) -> 125350000 | E36: =SUM(E4:E34) -> 125350000 | F36: =IF(D36=E36,"BALANCE","SELISIH") -> BALANCE

Sheet NS_Setelah_Penutupan
A1: NERACA SALDO SETELAH PENUTUPAN
A3: Kode Akun | B3: Nama Akun | C3: Kategori | D3: Saldo Normal | E3: Debit (Rp) | F3: Kredit (Rp)
A4: 1-001 | B4: Kas | C4: Aset | D4: Debit | E4: =SUMIF(buku_besar[Nama Akun],Table15[[#This Row],[Nama Akun]],buku_besar[Saldo Debit Akhir]) -> 35150000 | F4: =SUMIF(buku_besar[Nama Akun],Table15[[#This Row],[Nama Akun]],buku_besar[Saldo Kredit Akhir]) -> 0
A5: 1-002 | B5: Bank | C5: Aset | D5: Debit | E5: =SUMIF(buku_besar[Nama Akun],Table15[[#This Row],[Nama Akun]],buku_besar[Saldo Debit Akhir]) -> 175850000 | F5: =SUMIF(buku_besar[Nama Akun],Table15[[#This Row],[Nama Akun]],buku_besar[Saldo Kredit Akhir]) -> 0
A6: 1-003 | B6: Piutang Usaha | C6: Aset | D6: Debit | E6: =SUMIF(buku_besar[Nama Akun],Table15[[#This Row],[Nama Akun]],buku_besar[Saldo Debit Akhir]) -> 23080000 | F6: =SUMIF(buku_besar[Nama Akun],Table15[[#This Row],[Nama Akun]],buku_besar[Saldo Kredit Akhir]) -> 0
A7: 1-004 | B7: Piutang Karyawan | C7: Aset | D7: Debit | E7: =SUMIF(buku_besar[Nama Akun],Table15[[#This Row],[Nama Akun]],buku_besar[Saldo Debit Akhir]) -> 2500000 | F7: =SUMIF(buku_besar[Nama Akun],Table15[[#This Row],[Nama Akun]],buku_besar[Saldo Kredit Akhir]) -> 0
A8: 1-005 | B8: Piutang Lain-lain | C8: Aset | D8: Debit | E8: =SUMIF(buku_besar[Nama Akun],Table15[[#This Row],[Nama Akun]],buku_besar[Saldo Debit Akhir]) -> 2400000 | F8: =SUMIF(buku_besar[Nama Akun],Table15[[#This Row],[Nama Akun]],buku_besar[Saldo Kredit Akhir]) -> 0
A9: 1-006 | B9: Persediaan | C9: Aset | D9: Debit | E9: =SUMIF(buku_besar[Nama Akun],Table15[[#This Row],[Nama Akun]],buku_besar[Saldo Debit Akhir]) -> 35000000 | F9: =SUMIF(buku_besar[Nama Akun],Table15[[#This Row],[Nama Akun]],buku_besar[Saldo Kredit Akhir]) -> 0
A10: 1-007 | B10: Perlengkapan | C10: Aset | D10: Debit | E10: =SUMIF(buku_besar[Nama Akun],Table15[[#This Row],[Nama Akun]],buku_besar[Saldo Debit Akhir]) -> 2500000 | F10: =SUMIF(buku_besar[Nama Akun],Table15[[#This Row],[Nama Akun]],buku_besar[Saldo Kredit Akhir]) -> 0
A11: 1-008 | B11: Sewa Dibayar di Muka | C11: Aset | D11: Debit | E11: =SUMIF(buku_besar[Nama Akun],Table15[[#This Row],[Nama Akun]],buku_besar[Saldo Debit Akhir]) -> 8000000 | F11: =SUMIF(buku_besar[Nama Akun],Table15[[#This Row],[Nama Akun]],buku_besar[Saldo Kredit Akhir]) -> 0
A12: 1-009 | B12: Asuransi Dibayar di Muka | C12: Aset | D12: Debit | E12: =SUMIF(buku_besar[Nama Akun],Table15[[#This Row],[Nama Akun]],buku_besar[Saldo Debit Akhir]) -> 5000000 | F12: =SUMIF(buku_besar[Nama Akun],Table15[[#This Row],[Nama Akun]],buku_besar[Saldo Kredit Akhir]) -> 0
A13: 1-010 | B13: Iklan Dibayar di Muka | C13: Aset | D13: Debit | E13: =SUMIF(buku_besar[Nama Akun],Table15[[#This Row],[Nama Akun]],buku_besar[Saldo Debit Akhir]) -> 6000000 | F13: =SUMIF(buku_besar[Nama Akun],Table15[[#This Row],[Nama Akun]],buku_besar[Saldo Kredit Akhir]) -> 0
A14: 1-011 | B14: Uang Muka Pembelian | C14: Aset | D14: Debit | E14: =SUMIF(buku_besar[Nama Akun],Table15[[#This Row],[Nama Akun]],buku_besar[Saldo Debit Akhir]) -> 8000000 | F14: =SUMIF(buku_besar[Nama Akun],Table15[[#This Row],[Nama Akun]],buku_besar[Saldo Kredit Akhir]) -> 0
A15: 1-012 | B15: Peralatan | C15: Aset | D15: Debit | E15: =SUMIF(buku_besar[Nama Akun],Table15[[#This Row],[Nama Akun]],buku_besar[Saldo Debit Akhir]) -> 22000000 | F15: =SUMIF(buku_besar[Nama Akun],Table15[[#This Row],[Nama Akun]],buku_besar[Saldo Kredit Akhir]) -> 0
... A67: 5-020 | B67: Beban Lain-lain | C67: Beban | D67: Debit | E67: =SUMIF(buku_besar[Nama Akun],Table15[[#This Row],[Nama Akun]],buku_besar[Saldo Debit Akhir]) -> 0 | F67: =SUMIF(buku_besar[Nama Akun],Table15[[#This Row],[Nama Akun]],buku_besar[Saldo Kredit Akhir]) -> 0
A69: TOTAL | E69: =SUM(E4:E67) -> 1093130000 | F69: =SUM(F4:F67) -> 1093130000
A70: CEK | F70: =IF(E69=F69,"BALANCE","SELISIH "&TEXT(E69-F69,"#,##0")) -> BALANCE

Sheet Kamus_Rumus
A1: KAMUS RUMUS DAN LOGIKA FILE
A3: Rumus / Konsep | B3: Contoh | C3: Penjelasan
A4: SUMIF | B4: =SUMIF(Kunci_Jurnal!$C:$C,Akun,Kunci_Jurnal!$D:$D) | C4: Menjumlahkan debit/kredit berdasarkan nama akun.
A5: MAX(0, Debit-Kredit) | B5: =MAX(0,E4-F4) -> 0 | C5: Menentukan saldo debit jika total debit lebih besar dari kredit.
A6: MAX(0, Kredit-Debit) | B6: =MAX(0,F4-E4) -> 0 | C6: Menentukan saldo kredit jika total kredit lebih besar dari debit.
A7: Cek Balance | B7: =IF(TotalDebit=TotalKredit,"BALANCE","SELISIH") | C7: Memastikan total debit sama dengan total kredit.
A8: Laba Bersih | B8: Total Pendapatan - Total Beban | C8: Jika positif berarti laba, jika negatif berarti rugi.
A9: Aset | B9: Debit - Kredit | C9: Aset normalnya bersaldo debit. Akumulasi penyusutan adalah aset kontra sehingga nilainya mengurangi aset.
A10: Liabilitas | B10: Kredit - Debit | C10: Utang normalnya bersaldo kredit.
A11: Ekuitas | B11: Kredit - Debit + Laba Bersih - Prive | C11: Ekuitas akhir memasukkan laba berjalan dan mengurangi prive.
A12: Jurnal Penutup | B12: Pendapatan dan beban ditutup ke Saldo Laba | C12: Setelah penutupan, pendapatan, beban, dan prive menjadi nol.
A13: Nama akun harus sama | B13: Sewa Dibayar di Muka | C13: Perbedaan spasi/huruf membuat SUMIF tidak membaca akun tersebut.
A14: Kunci_Penyesuaian | B14: Sumber jurnal penyesuaian untuk perhitungan otomatis. | C14: Dipakai dalam Buku_Besar, NS_Setelah_Penyesuaian, dan NS_Setelah_Penutupan.
